close_time,open_time,ticker,interval,open,high,low,close,vol
2024-05-28 00:01:00,2024-05-28 00:00:00,BTC-USDT,1min,69458.9,69463.5,69458.8,69458.8,614
2024-05-28 00:02:00,2024-05-28 00:01:00,BTC-USDT,1min,69467.4,69498.0,69467.4,69498.0,5162
2024-05-28 00:03:00,2024-05-28 00:02:00,BTC-USDT,1min,69498.1,69498.1,69437.4,69437.4,4740
2024-05-28 00:04:00,2024-05-28 00:03:00,BTC-USDT,1min,69435.0,69435.0,69418.6,69418.6,488
2024-05-28 00:05:00,2024-05-28 00:04:00,BTC-USDT,1min,69430.9,69441.2,69430.9,69430.9,362
2024-05-28 00:06:00,2024-05-28 00:05:00,BTC-USDT,1min,69424.9,69429.8,69424.9,69429.8,368
2024-05-28 00:07:00,2024-05-28 00:06:00,BTC-USDT,1min,69439.2,69441.7,69439.2,69441.7,240
2024-05-28 00:08:00,2024-05-28 00:07:00,BTC-USDT,1min,69437.7,69437.7,69435.1,69435.1,60
2024-05-28 00:09:00,2024-05-28 00:08:00,BTC-USDT,1min,69435.1,69435.1,69418.0,69418.0,3342
2024-05-28 00:10:00,2024-05-28 00:09:00,BTC-USDT,1min,69418.0,69443.0,69418.0,69443.0,728
2024-05-28 00:11:00,2024-05-28 00:10:00,BTC-USDT,1min,69442.9,69445.5,69435.2,69435.2,330
2024-05-28 00:12:00,2024-05-28 00:11:00,BTC-USDT,1min,69435.2,69435.2,69426.2,69426.2,610
2024-05-28 00:13:00,2024-05-28 00:12:00,BTC-USDT,1min,69426.3,69450.7,69426.3,69435.1,746
2024-05-28 00:14:00,2024-05-28 00:13:00,BTC-USDT,1min,69435.0,69435.0,69411.2,69429.2,2638
2024-05-28 00:15:00,2024-05-28 00:14:00,BTC-USDT,1min,69429.2,69429.2,69397.8,69397.8,6204
2024-05-28 00:16:00,2024-05-28 00:15:00,BTC-USDT,1min,69397.8,69416.4,69397.8,69416.4,10128
2024-05-28 00:17:00,2024-05-28 00:16:00,BTC-USDT,1min,69401.5,69401.5,69362.4,69362.4,4452
2024-05-28 00:18:00,2024-05-28 00:17:00,BTC-USDT,1min,69370.6,69400.0,69335.7,69382.7,3720
2024-05-28 00:19:00,2024-05-28 00:18:00,BTC-USDT,1min,69382.7,69393.9,69364.2,69393.8,2212
2024-05-28 00:20:00,2024-05-28 00:19:00,BTC-USDT,1min,69379.3,69393.9,69364.2,69368.2,414
2024-05-28 00:21:00,2024-05-28 00:20:00,BTC-USDT,1min,69368.2,69375.1,69364.2,69364.2,422
2024-05-28 00:22:00,2024-05-28 00:21:00,BTC-USDT,1min,69376.6,69441.5,69376.6,69435.7,1990
2024-05-28 00:23:00,2024-05-28 00:22:00,BTC-USDT,1min,69452.0,69452.0,69389.7,69389.7,1754
2024-05-28 00:24:00,2024-05-28 00:23:00,BTC-USDT,1min,69389.6,69389.6,69356.7,69383.7,11912
2024-05-28 00:25:00,2024-05-28 00:24:00,BTC-USDT,1min,69383.6,69390.3,69364.1,69364.1,1424
2024-05-28 00:26:00,2024-05-28 00:25:00,BTC-USDT,1min,69364.2,69383.2,69339.4,69356.1,1708
2024-05-28 00:27:00,2024-05-28 00:26:00,BTC-USDT,1min,69366.8,69374.0,69360.2,69360.2,174
2024-05-28 00:28:00,2024-05-28 00:27:00,BTC-USDT,1min,69356.0,69372.1,69335.0,69363.9,6530
2024-05-28 00:29:00,2024-05-28 00:28:00,BTC-USDT,1min,69358.5,69358.5,69339.8,69339.8,314
2024-05-28 00:30:00,2024-05-28 00:29:00,BTC-USDT,1min,69335.7,69355.5,69335.7,69340.2,1738
2024-05-28 00:31:00,2024-05-28 00:30:00,BTC-USDT,1min,69338.1,69361.9,69338.1,69361.8,1554
2024-05-28 00:32:00,2024-05-28 00:31:00,BTC-USDT,1min,69361.9,69367.9,69338.2,69347.8,1738
2024-05-28 00:33:00,2024-05-28 00:32:00,BTC-USDT,1min,69338.1,69359.9,69338.1,69359.9,366
2024-05-28 00:34:00,2024-05-28 00:33:00,BTC-USDT,1min,69338.6,69338.6,69338.6,69338.6,136
2024-05-28 00:35:00,2024-05-28 00:34:00,BTC-USDT,1min,69338.1,69338.1,69288.1,69293.0,23326
2024-05-28 00:36:00,2024-05-28 00:35:00,BTC-USDT,1min,69292.9,69292.9,69268.0,69272.7,3866
2024-05-28 00:37:00,2024-05-28 00:36:00,BTC-USDT,1min,69268.0,69291.6,69268.0,69291.6,424
2024-05-28 00:38:00,2024-05-28 00:37:00,BTC-USDT,1min,69296.6,69326.5,69296.3,69320.4,7160
2024-05-28 00:39:00,2024-05-28 00:38:00,BTC-USDT,1min,69320.4,69320.4,69314.4,69314.4,1108
2024-05-28 00:40:00,2024-05-28 00:39:00,BTC-USDT,1min,69314.8,69314.9,69304.3,69304.3,126
2024-05-28 00:41:00,2024-05-28 00:40:00,BTC-USDT,1min,69304.2,69304.2,69301.2,69301.3,794
2024-05-28 00:42:00,2024-05-28 00:41:00,BTC-USDT,1min,69301.2,69301.2,69280.0,69280.0,634
2024-05-28 00:43:00,2024-05-28 00:42:00,BTC-USDT,1min,69280.0,69305.7,69280.0,69305.7,1160
2024-05-28 00:44:00,2024-05-28 00:43:00,BTC-USDT,1min,69313.6,69317.8,69308.3,69308.3,998
2024-05-28 00:45:00,2024-05-28 00:44:00,BTC-USDT,1min,69307.1,69307.1,69266.8,69274.9,3622
2024-05-28 00:46:00,2024-05-28 00:45:00,BTC-USDT,1min,69280.7,69280.7,69269.7,69269.7,1814
2024-05-28 00:47:00,2024-05-28 00:46:00,BTC-USDT,1min,69269.7,69293.8,69257.2,69285.7,9764
2024-05-28 00:48:00,2024-05-28 00:47:00,BTC-USDT,1min,69285.8,69285.8,69136.0,69136.1,34078
2024-05-28 00:49:00,2024-05-28 00:48:00,BTC-USDT,1min,69154.3,69205.5,69141.9,69183.8,11024
2024-05-28 00:50:00,2024-05-28 00:49:00,BTC-USDT,1min,69183.7,69195.9,69138.2,69171.0,4914
2024-05-28 00:51:00,2024-05-28 00:50:00,BTC-USDT,1min,69171.0,69213.5,69139.7,69139.7,22454
2024-05-28 00:52:00,2024-05-28 00:51:00,BTC-USDT,1min,69145.9,69195.8,69145.8,69193.2,2454
2024-05-28 00:53:00,2024-05-28 00:52:00,BTC-USDT,1min,69195.8,69227.2,69195.8,69227.2,2114
2024-05-28 00:54:00,2024-05-28 00:53:00,BTC-USDT,1min,69227.4,69232.3,69227.4,69232.3,644
2024-05-28 00:55:00,2024-05-28 00:54:00,BTC-USDT,1min,69232.8,69260.0,69195.3,69259.9,3210
2024-05-28 00:56:00,2024-05-28 00:55:00,BTC-USDT,1min,69260.0,69288.7,69260.0,69288.7,2052
2024-05-28 00:57:00,2024-05-28 00:56:00,BTC-USDT,1min,69295.4,69309.8,69295.4,69309.8,740
2024-05-28 00:58:00,2024-05-28 00:57:00,BTC-USDT,1min,69309.8,69379.7,69309.8,69379.7,11910
2024-05-28 00:59:00,2024-05-28 00:58:00,BTC-USDT,1min,69379.6,69420.8,69370.2,69413.8,7846
2024-05-28 01:00:00,2024-05-28 00:59:00,BTC-USDT,1min,69413.7,69425.8,69381.4,69419.8,14292
2024-05-28 01:01:00,2024-05-28 01:00:00,BTC-USDT,1min,69419.8,69446.3,69419.8,69446.3,4062
2024-05-28 01:02:00,2024-05-28 01:01:00,BTC-USDT,1min,69440.3,69469.9,69440.1,69440.1,2178
2024-05-28 01:03:00,2024-05-28 01:02:00,BTC-USDT,1min,69440.0,69440.0,69412.4,69412.5,1974
2024-05-28 01:04:00,2024-05-28 01:03:00,BTC-USDT,1min,69412.4,69433.2,69412.4,69433.2,388
2024-05-28 01:05:00,2024-05-28 01:04:00,BTC-USDT,1min,69435.1,69475.6,69435.1,69475.6,616
2024-05-28 01:06:00,2024-05-28 01:05:00,BTC-USDT,1min,69475.6,69494.0,69472.9,69473.5,3782
2024-05-28 01:07:00,2024-05-28 01:06:00,BTC-USDT,1min,69473.5,69493.4,69473.5,69493.4,960
2024-05-28 01:08:00,2024-05-28 01:07:00,BTC-USDT,1min,69493.4,69495.5,69466.4,69478.2,5050
2024-05-28 01:09:00,2024-05-28 01:08:00,BTC-USDT,1min,69480.3,69495.2,69461.3,69469.8,7372
2024-05-28 01:10:00,2024-05-28 01:09:00,BTC-USDT,1min,69469.7,69469.7,69447.0,69447.0,598
2024-05-28 01:11:00,2024-05-28 01:10:00,BTC-USDT,1min,69439.4,69448.7,69435.5,69441.7,2356
2024-05-28 01:12:00,2024-05-28 01:11:00,BTC-USDT,1min,69441.7,69456.2,69441.7,69456.2,2494
2024-05-28 01:13:00,2024-05-28 01:12:00,BTC-USDT,1min,69456.2,69456.2,69456.1,69456.2,930
2024-05-28 01:14:00,2024-05-28 01:13:00,BTC-USDT,1min,69456.2,69469.8,69456.2,69469.8,124
2024-05-28 01:15:00,2024-05-28 01:14:00,BTC-USDT,1min,69476.4,69491.6,69476.4,69491.6,1622
2024-05-28 01:16:00,2024-05-28 01:15:00,BTC-USDT,1min,69491.6,69491.6,69463.9,69463.9,922
2024-05-28 01:17:00,2024-05-28 01:16:00,BTC-USDT,1min,69474.3,69483.8,69463.7,69463.7,4004
2024-05-28 01:18:00,2024-05-28 01:17:00,BTC-USDT,1min,69463.7,69463.7,69449.2,69449.2,2240
2024-05-28 01:19:00,2024-05-28 01:18:00,BTC-USDT,1min,69449.3,69449.3,69439.6,69439.6,1076
2024-05-28 01:20:00,2024-05-28 01:19:00,BTC-USDT,1min,69439.6,69443.7,69439.6,69443.7,792
2024-05-28 01:21:00,2024-05-28 01:20:00,BTC-USDT,1min,69443.7,69456.1,69443.7,69456.1,1216
2024-05-28 01:22:00,2024-05-28 01:21:00,BTC-USDT,1min,69456.1,69456.1,69449.9,69449.9,182
2024-05-28 01:23:00,2024-05-28 01:22:00,BTC-USDT,1min,69449.9,69449.9,69442.1,69442.1,480
2024-05-28 01:24:00,2024-05-28 01:23:00,BTC-USDT,1min,69450.0,69464.4,69450.0,69464.4,1788
2024-05-28 01:25:00,2024-05-28 01:24:00,BTC-USDT,1min,69464.4,69472.4,69450.3,69450.3,962
2024-05-28 01:26:00,2024-05-28 01:25:00,BTC-USDT,1min,69457.7,69457.8,69420.4,69420.4,1746
2024-05-28 01:27:00,2024-05-28 01:26:00,BTC-USDT,1min,69420.4,69420.4,69397.8,69397.8,796
2024-05-28 01:28:00,2024-05-28 01:27:00,BTC-USDT,1min,69397.8,69397.8,69386.6,69391.6,2210
2024-05-28 01:29:00,2024-05-28 01:28:00,BTC-USDT,1min,69391.7,69391.7,69391.7,69391.7,58
2024-05-28 01:30:00,2024-05-28 01:29:00,BTC-USDT,1min,69394.2,69411.0,69394.2,69411.0,1012
2024-05-28 01:31:00,2024-05-28 01:30:00,BTC-USDT,1min,69411.0,69462.4,69411.0,69462.4,1502
2024-05-28 01:32:00,2024-05-28 01:31:00,BTC-USDT,1min,69480.4,69544.6,69480.4,69537.4,1454
2024-05-28 01:33:00,2024-05-28 01:32:00,BTC-USDT,1min,69545.0,69545.0,69511.0,69527.6,2196
2024-05-28 01:34:00,2024-05-28 01:33:00,BTC-USDT,1min,69527.6,69545.0,69495.8,69545.0,3896
2024-05-28 01:35:00,2024-05-28 01:34:00,BTC-USDT,1min,69542.0,69557.9,69524.5,69524.5,10880
2024-05-28 01:36:00,2024-05-28 01:35:00,BTC-USDT,1min,69537.3,69622.9,69537.3,69603.8,13524
2024-05-28 01:37:00,2024-05-28 01:36:00,BTC-USDT,1min,69603.8,69619.1,69553.6,69553.7,16216
2024-05-28 01:38:00,2024-05-28 01:37:00,BTC-USDT,1min,69545.9,69554.3,69510.8,69510.8,11230
2024-05-28 01:39:00,2024-05-28 01:38:00,BTC-USDT,1min,69510.8,69510.8,69472.5,69472.5,3480
2024-05-28 01:40:00,2024-05-28 01:39:00,BTC-USDT,1min,69472.6,69489.9,69472.5,69472.6,926
2024-05-28 01:41:00,2024-05-28 01:40:00,BTC-USDT,1min,69472.6,69476.2,69472.5,69476.2,90
2024-05-28 01:42:00,2024-05-28 01:41:00,BTC-USDT,1min,69476.2,69476.5,69438.0,69438.0,8932
2024-05-28 01:43:00,2024-05-28 01:42:00,BTC-USDT,1min,69432.8,69432.8,69408.9,69421.0,3156
2024-05-28 01:44:00,2024-05-28 01:43:00,BTC-USDT,1min,69413.5,69413.5,69351.8,69351.8,1796
2024-05-28 01:45:00,2024-05-28 01:44:00,BTC-USDT,1min,69345.5,69345.5,69054.3,69074.4,58504
2024-05-28 01:46:00,2024-05-28 01:45:00,BTC-USDT,1min,69050.0,69056.2,68900.0,68912.0,76674
2024-05-28 01:47:00,2024-05-28 01:46:00,BTC-USDT,1min,68923.7,68995.6,68921.0,68995.6,11780
2024-05-28 01:48:00,2024-05-28 01:47:00,BTC-USDT,1min,69000.0,69020.8,68921.7,68930.1,28310
2024-05-28 01:49:00,2024-05-28 01:48:00,BTC-USDT,1min,68933.4,68940.0,68723.7,68735.6,87056
2024-05-28 01:50:00,2024-05-28 01:49:00,BTC-USDT,1min,68735.6,68735.7,68600.0,68654.3,53508
2024-05-28 01:51:00,2024-05-28 01:50:00,BTC-USDT,1min,68654.3,68720.2,68619.4,68666.3,15146
2024-05-28 01:52:00,2024-05-28 01:51:00,BTC-USDT,1min,68666.3,68810.2,68666.3,68801.1,9314
2024-05-28 01:53:00,2024-05-28 01:52:00,BTC-USDT,1min,68803.0,68812.6,68738.2,68742.2,8824
2024-05-28 01:54:00,2024-05-28 01:53:00,BTC-USDT,1min,68743.8,68772.0,68666.0,68708.3,9176
2024-05-28 01:55:00,2024-05-28 01:54:00,BTC-USDT,1min,68711.6,68721.1,68662.0,68667.3,5360
2024-05-28 01:56:00,2024-05-28 01:55:00,BTC-USDT,1min,68650.1,68731.4,68625.3,68722.1,5592
2024-05-28 01:57:00,2024-05-28 01:56:00,BTC-USDT,1min,68724.0,68726.1,68679.4,68717.0,8734
2024-05-28 01:58:00,2024-05-28 01:57:00,BTC-USDT,1min,68710.0,68710.0,68600.0,68600.0,10222
2024-05-28 01:59:00,2024-05-28 01:58:00,BTC-USDT,1min,68600.0,68669.7,68572.7,68663.1,14162
2024-05-28 02:00:00,2024-05-28 01:59:00,BTC-USDT,1min,68663.1,68728.2,68583.9,68728.2,11926
2024-05-28 02:01:00,2024-05-28 02:00:00,BTC-USDT,1min,68734.9,68736.9,68611.6,68614.4,11816
2024-05-28 02:02:00,2024-05-28 02:01:00,BTC-USDT,1min,68605.3,68606.4,68484.6,68496.3,30220
2024-05-28 02:03:00,2024-05-28 02:02:00,BTC-USDT,1min,68481.7,68605.2,68451.2,68577.2,19974
2024-05-28 02:04:00,2024-05-28 02:03:00,BTC-USDT,1min,68596.2,68636.2,68585.0,68629.0,10032
2024-05-28 02:05:00,2024-05-28 02:04:00,BTC-USDT,1min,68606.5,68617.9,68550.0,68578.3,15368
2024-05-28 02:06:00,2024-05-28 02:05:00,BTC-USDT,1min,68573.7,68646.6,68533.0,68533.0,11322
2024-05-28 02:07:00,2024-05-28 02:06:00,BTC-USDT,1min,68533.1,68541.5,68489.2,68527.3,27756
2024-05-28 02:08:00,2024-05-28 02:07:00,BTC-USDT,1min,68525.4,68525.4,68469.6,68502.8,8694
2024-05-28 02:09:00,2024-05-28 02:08:00,BTC-USDT,1min,68496.6,68496.6,68466.4,68490.1,2940
2024-05-28 02:10:00,2024-05-28 02:09:00,BTC-USDT,1min,68499.9,68597.6,68499.9,68583.8,9194
2024-05-28 02:11:00,2024-05-28 02:10:00,BTC-USDT,1min,68589.6,68673.7,68589.6,68653.0,29558
2024-05-28 02:12:00,2024-05-28 02:11:00,BTC-USDT,1min,68636.2,68697.4,68622.3,68697.4,15910
2024-05-28 02:13:00,2024-05-28 02:12:00,BTC-USDT,1min,68696.4,68696.4,68639.5,68667.3,10998
2024-05-28 02:14:00,2024-05-28 02:13:00,BTC-USDT,1min,68690.8,68739.0,68674.8,68739.0,14878
2024-05-28 02:15:00,2024-05-28 02:14:00,BTC-USDT,1min,68739.0,68778.5,68721.2,68721.2,10430
2024-05-28 02:16:00,2024-05-28 02:15:00,BTC-USDT,1min,68693.2,68742.5,68687.1,68717.6,2342
2024-05-28 02:17:00,2024-05-28 02:16:00,BTC-USDT,1min,68714.7,68742.0,68710.1,68710.1,1606
2024-05-28 02:18:00,2024-05-28 02:17:00,BTC-USDT,1min,68714.9,68754.1,68709.1,68722.4,2710
2024-05-28 02:19:00,2024-05-28 02:18:00,BTC-USDT,1min,68720.0,68749.0,68712.5,68749.0,2908
2024-05-28 02:20:00,2024-05-28 02:19:00,BTC-USDT,1min,68740.0,68809.3,68738.6,68809.3,5114
2024-05-28 02:21:00,2024-05-28 02:20:00,BTC-USDT,1min,68802.8,68872.0,68796.2,68835.4,9640
2024-05-28 02:22:00,2024-05-28 02:21:00,BTC-USDT,1min,68837.0,68872.3,68837.0,68865.3,2952
2024-05-28 02:23:00,2024-05-28 02:22:00,BTC-USDT,1min,68865.4,68865.4,68850.2,68862.0,1836
2024-05-28 02:24:00,2024-05-28 02:23:00,BTC-USDT,1min,68861.9,68861.9,68835.0,68848.6,2824
2024-05-28 02:25:00,2024-05-28 02:24:00,BTC-USDT,1min,68842.2,68849.8,68834.0,68849.8,3124
2024-05-28 02:26:00,2024-05-28 02:25:00,BTC-USDT,1min,68855.0,68855.0,68801.9,68842.4,7988
2024-05-28 02:27:00,2024-05-28 02:26:00,BTC-USDT,1min,68842.4,68842.4,68780.2,68810.5,1520
2024-05-28 02:28:00,2024-05-28 02:27:00,BTC-USDT,1min,68805.0,68805.0,68778.1,68778.1,4672
2024-05-28 02:29:00,2024-05-28 02:28:00,BTC-USDT,1min,68779.7,68788.8,68779.7,68786.1,2130
2024-05-28 02:30:00,2024-05-28 02:29:00,BTC-USDT,1min,68786.1,68786.2,68750.0,68769.6,5188
2024-05-28 02:31:00,2024-05-28 02:30:00,BTC-USDT,1min,68786.2,68810.5,68786.2,68810.5,216
2024-05-28 02:32:00,2024-05-28 02:31:00,BTC-USDT,1min,68800.4,68800.4,68787.2,68788.4,4796
2024-05-28 02:33:00,2024-05-28 02:32:00,BTC-USDT,1min,68788.5,68803.7,68772.1,68799.8,6954
2024-05-28 02:34:00,2024-05-28 02:33:00,BTC-USDT,1min,68799.9,68816.5,68799.9,68816.5,6834
2024-05-28 02:35:00,2024-05-28 02:34:00,BTC-USDT,1min,68823.8,68823.9,68766.9,68766.9,14732
2024-05-28 02:36:00,2024-05-28 02:35:00,BTC-USDT,1min,68766.9,68810.7,68764.3,68810.6,1782
2024-05-28 02:37:00,2024-05-28 02:36:00,BTC-USDT,1min,68810.6,68810.7,68743.7,68743.7,1164
2024-05-28 02:38:00,2024-05-28 02:37:00,BTC-USDT,1min,68743.7,68766.1,68740.2,68747.2,1606
2024-05-28 02:39:00,2024-05-28 02:38:00,BTC-USDT,1min,68747.1,68747.1,68651.5,68663.8,21094
2024-05-28 02:40:00,2024-05-28 02:39:00,BTC-USDT,1min,68653.3,68717.6,68642.5,68717.6,3218
2024-05-28 02:41:00,2024-05-28 02:40:00,BTC-USDT,1min,68717.5,68745.7,68717.5,68729.3,1590
2024-05-28 02:42:00,2024-05-28 02:41:00,BTC-USDT,1min,68729.4,68757.4,68725.8,68725.8,3556
2024-05-28 02:43:00,2024-05-28 02:42:00,BTC-USDT,1min,68725.8,68725.8,68675.4,68686.7,1106
2024-05-28 02:44:00,2024-05-28 02:43:00,BTC-USDT,1min,68686.7,68703.4,68686.6,68703.4,850
2024-05-28 02:45:00,2024-05-28 02:44:00,BTC-USDT,1min,68703.3,68741.4,68703.3,68724.9,5512
2024-05-28 02:46:00,2024-05-28 02:45:00,BTC-USDT,1min,68728.8,68746.1,68728.8,68741.5,498
2024-05-28 02:47:00,2024-05-28 02:46:00,BTC-USDT,1min,68745.9,68745.9,68703.5,68719.1,1352
2024-05-28 02:48:00,2024-05-28 02:47:00,BTC-USDT,1min,68712.0,68713.1,68704.1,68713.0,3418
2024-05-28 02:49:00,2024-05-28 02:48:00,BTC-USDT,1min,68713.0,68777.1,68713.0,68753.0,1022
2024-05-28 02:50:00,2024-05-28 02:49:00,BTC-USDT,1min,68753.0,68773.8,68753.0,68757.0,462
2024-05-28 02:51:00,2024-05-28 02:50:00,BTC-USDT,1min,68757.0,68757.1,68746.5,68746.5,920
2024-05-28 02:52:00,2024-05-28 02:51:00,BTC-USDT,1min,68746.5,68746.6,68732.5,68732.5,1826
2024-05-28 02:53:00,2024-05-28 02:52:00,BTC-USDT,1min,68732.5,68737.7,68732.5,68737.7,74
2024-05-28 02:54:00,2024-05-28 02:53:00,BTC-USDT,1min,68737.6,68744.6,68730.6,68732.4,382
2024-05-28 02:55:00,2024-05-28 02:54:00,BTC-USDT,1min,68735.1,68751.5,68729.9,68743.7,2570
2024-05-28 02:56:00,2024-05-28 02:55:00,BTC-USDT,1min,68737.1,68750.4,68734.0,68734.0,2176
2024-05-28 02:57:00,2024-05-28 02:56:00,BTC-USDT,1min,68734.1,68746.1,68734.0,68746.1,1958
2024-05-28 02:58:00,2024-05-28 02:57:00,BTC-USDT,1min,68746.1,68775.4,68746.1,68766.0,1628
2024-05-28 02:59:00,2024-05-28 02:58:00,BTC-USDT,1min,68765.9,68765.9,68714.8,68714.8,1292
2024-05-28 03:00:00,2024-05-28 02:59:00,BTC-USDT,1min,68714.7,68763.2,68712.6,68748.2,1084
2024-05-28 03:01:00,2024-05-28 03:00:00,BTC-USDT,1min,68754.6,68764.2,68744.4,68746.1,1210
2024-05-28 03:02:00,2024-05-28 03:01:00,BTC-USDT,1min,68746.0,68755.1,68720.4,68755.1,666
2024-05-28 03:03:00,2024-05-28 03:02:00,BTC-USDT,1min,68744.1,68744.2,68733.3,68739.9,446
2024-05-28 03:04:00,2024-05-28 03:03:00,BTC-USDT,1min,68734.0,68734.0,68676.3,68676.3,4056
2024-05-28 03:05:00,2024-05-28 03:04:00,BTC-USDT,1min,68676.2,68676.2,68581.4,68603.3,5392
2024-05-28 03:06:00,2024-05-28 03:05:00,BTC-USDT,1min,68597.1,68627.6,68591.1,68608.6,2784
2024-05-28 03:07:00,2024-05-28 03:06:00,BTC-USDT,1min,68608.6,68608.6,68508.9,68514.5,5894
2024-05-28 03:08:00,2024-05-28 03:07:00,BTC-USDT,1min,68519.0,68533.1,68470.6,68470.6,6368
2024-05-28 03:09:00,2024-05-28 03:08:00,BTC-USDT,1min,68475.9,68508.7,68388.2,68448.6,50082
2024-05-28 03:10:00,2024-05-28 03:09:00,BTC-USDT,1min,68448.6,68481.3,68429.2,68435.6,4718
2024-05-28 03:11:00,2024-05-28 03:10:00,BTC-USDT,1min,68426.9,68475.6,68391.1,68475.6,9112
2024-05-28 03:12:00,2024-05-28 03:11:00,BTC-USDT,1min,68475.0,68487.1,68426.6,68431.7,8170
2024-05-28 03:13:00,2024-05-28 03:12:00,BTC-USDT,1min,68431.7,68487.1,68413.0,68483.0,8848
2024-05-28 03:14:00,2024-05-28 03:13:00,BTC-USDT,1min,68483.1,68527.6,68483.1,68513.5,1240
2024-05-28 03:15:00,2024-05-28 03:14:00,BTC-USDT,1min,68513.4,68537.6,68513.4,68523.1,1078
2024-05-28 03:16:00,2024-05-28 03:15:00,BTC-USDT,1min,68523.1,68578.5,68523.1,68578.5,2072
2024-05-28 03:17:00,2024-05-28 03:16:00,BTC-USDT,1min,68579.8,68579.8,68552.9,68552.9,960
2024-05-28 03:18:00,2024-05-28 03:17:00,BTC-USDT,1min,68550.6,68579.9,68550.0,68559.2,794
2024-05-28 03:19:00,2024-05-28 03:18:00,BTC-USDT,1min,68559.2,68563.7,68453.7,68465.4,8412
2024-05-28 03:20:00,2024-05-28 03:19:00,BTC-USDT,1min,68467.9,68562.0,68467.9,68532.1,3528
2024-05-28 03:21:00,2024-05-28 03:20:00,BTC-USDT,1min,68508.9,68517.2,68489.8,68517.2,2330
2024-05-28 03:22:00,2024-05-28 03:21:00,BTC-USDT,1min,68526.6,68561.8,68526.6,68546.7,1520
2024-05-28 03:23:00,2024-05-28 03:22:00,BTC-USDT,1min,68541.4,68541.4,68495.2,68506.0,3448
2024-05-28 03:24:00,2024-05-28 03:23:00,BTC-USDT,1min,68506.0,68507.6,68500.6,68500.7,628
2024-05-28 03:25:00,2024-05-28 03:24:00,BTC-USDT,1min,68500.6,68500.6,68350.0,68364.0,11160
2024-05-28 03:26:00,2024-05-28 03:25:00,BTC-USDT,1min,68364.0,68364.0,68144.5,68234.1,117616
2024-05-28 03:27:00,2024-05-28 03:26:00,BTC-USDT,1min,68234.0,68307.6,68224.2,68300.7,8378
2024-05-28 03:28:00,2024-05-28 03:27:00,BTC-USDT,1min,68300.7,68327.2,68240.6,68277.1,19818
2024-05-28 03:29:00,2024-05-28 03:28:00,BTC-USDT,1min,68277.1,68277.1,68250.0,68254.8,19560
2024-05-28 03:30:00,2024-05-28 03:29:00,BTC-USDT,1min,68254.9,68294.3,68242.3,68288.0,4386
2024-05-28 03:31:00,2024-05-28 03:30:00,BTC-USDT,1min,68288.9,68328.9,68287.9,68328.8,3832
2024-05-28 03:32:00,2024-05-28 03:31:00,BTC-USDT,1min,68328.9,68358.1,68328.8,68346.2,9074
2024-05-28 03:33:00,2024-05-28 03:32:00,BTC-USDT,1min,68346.2,68353.0,68312.2,68315.9,1318
2024-05-28 03:34:00,2024-05-28 03:33:00,BTC-USDT,1min,68296.0,68296.0,68206.4,68217.6,7038
2024-05-28 03:35:00,2024-05-28 03:34:00,BTC-USDT,1min,68217.6,68229.3,68009.9,68019.9,45066
2024-05-28 03:36:00,2024-05-28 03:35:00,BTC-USDT,1min,68025.6,68025.7,67788.0,67826.5,157602
2024-05-28 03:37:00,2024-05-28 03:36:00,BTC-USDT,1min,67814.2,67886.5,67814.2,67826.8,10604
2024-05-28 03:38:00,2024-05-28 03:37:00,BTC-USDT,1min,67826.7,67925.3,67826.7,67922.5,20078
2024-05-28 03:39:00,2024-05-28 03:38:00,BTC-USDT,1min,67922.4,67986.6,67892.4,67917.0,9736
2024-05-28 03:40:00,2024-05-28 03:39:00,BTC-USDT,1min,67905.7,68006.8,67905.7,67982.6,16650
2024-05-28 03:41:00,2024-05-28 03:40:00,BTC-USDT,1min,67975.3,67975.4,67925.2,67945.1,11302
2024-05-28 03:42:00,2024-05-28 03:41:00,BTC-USDT,1min,67945.1,67945.1,67900.4,67920.0,2302
2024-05-28 03:43:00,2024-05-28 03:42:00,BTC-USDT,1min,67913.3,67936.4,67887.8,67934.8,11120
2024-05-28 03:44:00,2024-05-28 03:43:00,BTC-USDT,1min,67934.8,67944.7,67876.5,67879.6,3676
2024-05-28 03:45:00,2024-05-28 03:44:00,BTC-USDT,1min,67879.6,67940.4,67875.8,67935.5,5410
2024-05-28 03:46:00,2024-05-28 03:45:00,BTC-USDT,1min,67935.4,67935.4,67919.7,67919.7,9262
2024-05-28 03:47:00,2024-05-28 03:46:00,BTC-USDT,1min,67919.7,67938.1,67891.7,67895.0,6400
2024-05-28 03:48:00,2024-05-28 03:47:00,BTC-USDT,1min,67891.9,67921.0,67891.8,67921.0,2102
2024-05-28 03:49:00,2024-05-28 03:48:00,BTC-USDT,1min,67927.4,67938.8,67905.9,67905.9,3006
2024-05-28 03:50:00,2024-05-28 03:49:00,BTC-USDT,1min,67905.9,67906.0,67890.2,67890.2,12422
2024-05-28 03:51:00,2024-05-28 03:50:00,BTC-USDT,1min,67890.2,67934.7,67890.2,67926.9,3664
2024-05-28 03:52:00,2024-05-28 03:51:00,BTC-USDT,1min,67926.9,67966.9,67926.8,67966.9,7660
2024-05-28 03:53:00,2024-05-28 03:52:00,BTC-USDT,1min,67986.6,68073.9,67986.6,68073.9,7686
2024-05-28 03:54:00,2024-05-28 03:53:00,BTC-USDT,1min,68073.9,68100.0,68073.9,68099.9,3972
2024-05-28 03:55:00,2024-05-28 03:54:00,BTC-USDT,1min,68099.9,68170.0,68099.9,68161.7,7846
2024-05-28 03:56:00,2024-05-28 03:55:00,BTC-USDT,1min,68161.6,68161.7,68124.2,68131.8,5060
2024-05-28 03:57:00,2024-05-28 03:56:00,BTC-USDT,1min,68131.8,68132.0,68131.8,68131.9,496
2024-05-28 03:58:00,2024-05-28 03:57:00,BTC-USDT,1min,68132.0,68132.0,68082.4,68086.1,5736
2024-05-28 03:59:00,2024-05-28 03:58:00,BTC-USDT,1min,68086.2,68093.9,68083.2,68093.8,1148
2024-05-28 04:00:00,2024-05-28 03:59:00,BTC-USDT,1min,68093.8,68093.9,68014.0,68071.7,6886
2024-05-28 04:01:00,2024-05-28 04:00:00,BTC-USDT,1min,68071.7,68071.7,68020.0,68020.0,6010
2024-05-28 04:02:00,2024-05-28 04:01:00,BTC-USDT,1min,68020.1,68061.7,68020.1,68061.7,5122
2024-05-28 04:03:00,2024-05-28 04:02:00,BTC-USDT,1min,68066.8,68164.3,68066.8,68164.3,2938
2024-05-28 04:04:00,2024-05-28 04:03:00,BTC-USDT,1min,68164.4,68164.4,68152.0,68152.0,2254
2024-05-28 04:05:00,2024-05-28 04:04:00,BTC-USDT,1min,68152.0,68152.1,68090.6,68091.8,3268
2024-05-28 04:06:00,2024-05-28 04:05:00,BTC-USDT,1min,68091.7,68091.8,68091.7,68091.7,2914
2024-05-28 04:07:00,2024-05-28 04:06:00,BTC-USDT,1min,68085.4,68085.5,68023.9,68023.9,2958
2024-05-28 04:08:00,2024-05-28 04:07:00,BTC-USDT,1min,68024.0,68024.1,68023.9,68024.1,2546
2024-05-28 04:09:00,2024-05-28 04:08:00,BTC-USDT,1min,68024.0,68057.6,68024.0,68039.6,3894
2024-05-28 04:10:00,2024-05-28 04:09:00,BTC-USDT,1min,68041.9,68097.5,68041.9,68046.0,3326
2024-05-28 04:11:00,2024-05-28 04:10:00,BTC-USDT,1min,68046.3,68046.4,68010.0,68010.0,3498
2024-05-28 04:12:00,2024-05-28 04:11:00,BTC-USDT,1min,68001.0,68001.0,67920.4,67951.5,6510
2024-05-28 04:13:00,2024-05-28 04:12:00,BTC-USDT,1min,67935.7,67955.9,67920.0,67920.0,3908
2024-05-28 04:14:00,2024-05-28 04:13:00,BTC-USDT,1min,67910.0,67923.2,67910.0,67921.7,1462
2024-05-28 04:15:00,2024-05-28 04:14:00,BTC-USDT,1min,67921.6,67921.6,67883.2,67891.6,5606
2024-05-28 04:16:00,2024-05-28 04:15:00,BTC-USDT,1min,67891.6,67891.6,67835.5,67847.2,9726
2024-05-28 04:17:00,2024-05-28 04:16:00,BTC-USDT,1min,67860.9,67876.0,67858.8,67874.4,7808
2024-05-28 04:18:00,2024-05-28 04:17:00,BTC-USDT,1min,67860.9,67945.7,67860.9,67945.7,3842
2024-05-28 04:19:00,2024-05-28 04:18:00,BTC-USDT,1min,67958.4,68042.1,67955.0,68001.3,22870
2024-05-28 04:20:00,2024-05-28 04:19:00,BTC-USDT,1min,68009.1,68019.9,67998.7,67998.7,2830
2024-05-28 04:21:00,2024-05-28 04:20:00,BTC-USDT,1min,67998.7,67998.8,67954.1,67954.1,2744
2024-05-28 04:22:00,2024-05-28 04:21:00,BTC-USDT,1min,67945.5,67955.7,67931.9,67955.7,1858
2024-05-28 04:23:00,2024-05-28 04:22:00,BTC-USDT,1min,67955.6,67955.7,67892.8,67892.8,1636
2024-05-28 04:24:00,2024-05-28 04:23:00,BTC-USDT,1min,67892.8,67896.8,67855.0,67857.8,9656
2024-05-28 04:25:00,2024-05-28 04:24:00,BTC-USDT,1min,67857.8,67897.8,67849.9,67897.8,4374
2024-05-28 04:26:00,2024-05-28 04:25:00,BTC-USDT,1min,67913.5,67913.5,67895.0,67901.5,1758
2024-05-28 04:27:00,2024-05-28 04:26:00,BTC-USDT,1min,67893.6,67893.6,67852.7,67852.8,2366
2024-05-28 04:28:00,2024-05-28 04:27:00,BTC-USDT,1min,67852.8,67852.8,67770.0,67770.0,20164
2024-05-28 04:29:00,2024-05-28 04:28:00,BTC-USDT,1min,67770.1,67776.0,67700.0,67776.0,24180
2024-05-28 04:30:00,2024-05-28 04:29:00,BTC-USDT,1min,67772.0,67772.0,67600.0,67616.1,30338
2024-05-28 04:31:00,2024-05-28 04:30:00,BTC-USDT,1min,67620.8,67826.4,67620.8,67825.7,18794
2024-05-28 04:32:00,2024-05-28 04:31:00,BTC-USDT,1min,67818.3,67818.3,67699.4,67699.6,14546
2024-05-28 04:33:00,2024-05-28 04:32:00,BTC-USDT,1min,67699.4,67699.4,67603.0,67618.5,12750
2024-05-28 04:34:00,2024-05-28 04:33:00,BTC-USDT,1min,67603.0,67604.4,67506.3,67539.2,31818
2024-05-28 04:35:00,2024-05-28 04:34:00,BTC-USDT,1min,67527.6,67576.9,67512.6,67528.3,32676
2024-05-28 04:36:00,2024-05-28 04:35:00,BTC-USDT,1min,67527.8,67610.1,67527.7,67548.2,28316
2024-05-28 04:37:00,2024-05-28 04:36:00,BTC-USDT,1min,67543.4,67754.0,67543.3,67744.2,7858
2024-05-28 04:38:00,2024-05-28 04:37:00,BTC-USDT,1min,67738.3,67760.8,67669.8,67744.8,4438
2024-05-28 04:39:00,2024-05-28 04:38:00,BTC-USDT,1min,67744.7,67775.0,67718.7,67768.7,2024
2024-05-28 04:40:00,2024-05-28 04:39:00,BTC-USDT,1min,67775.0,67800.0,67762.1,67799.9,14358
2024-05-28 04:41:00,2024-05-28 04:40:00,BTC-USDT,1min,67799.9,67846.6,67763.3,67813.4,7370
2024-05-28 04:42:00,2024-05-28 04:41:00,BTC-USDT,1min,67808.2,67817.7,67711.0,67759.6,1976
2024-05-28 04:43:00,2024-05-28 04:42:00,BTC-USDT,1min,67758.8,67758.8,67691.7,67737.7,4036
2024-05-28 04:44:00,2024-05-28 04:43:00,BTC-USDT,1min,67737.7,67749.2,67659.0,67659.0,11548
2024-05-28 04:45:00,2024-05-28 04:44:00,BTC-USDT,1min,67664.3,67731.6,67664.3,67723.0,2302
2024-05-28 04:46:00,2024-05-28 04:45:00,BTC-USDT,1min,67720.1,67729.2,67696.1,67725.3,3280
2024-05-28 04:47:00,2024-05-28 04:46:00,BTC-USDT,1min,67729.2,67756.8,67729.2,67756.8,8146
2024-05-28 04:48:00,2024-05-28 04:47:00,BTC-USDT,1min,67757.1,67757.1,67749.0,67749.0,1244
2024-05-28 04:49:00,2024-05-28 04:48:00,BTC-USDT,1min,67749.1,67812.0,67749.0,67811.9,4328
2024-05-28 04:50:00,2024-05-28 04:49:00,BTC-USDT,1min,67812.0,67820.0,67802.0,67819.9,706
2024-05-28 04:51:00,2024-05-28 04:50:00,BTC-USDT,1min,67820.0,67820.0,67755.2,67755.2,5176
2024-05-28 04:52:00,2024-05-28 04:51:00,BTC-USDT,1min,67755.1,67808.1,67755.1,67803.8,2370
2024-05-28 04:53:00,2024-05-28 04:52:00,BTC-USDT,1min,67800.1,67800.1,67785.7,67785.8,512
2024-05-28 04:54:00,2024-05-28 04:53:00,BTC-USDT,1min,67785.7,67799.8,67756.8,67790.1,1542
2024-05-28 04:55:00,2024-05-28 04:54:00,BTC-USDT,1min,67790.1,67820.0,67787.8,67819.9,672
2024-05-28 04:56:00,2024-05-28 04:55:00,BTC-USDT,1min,67819.9,67827.0,67819.9,67826.9,2306
2024-05-28 04:57:00,2024-05-28 04:56:00,BTC-USDT,1min,67827.0,67827.0,67826.9,67827.0,998
2024-05-28 04:58:00,2024-05-28 04:57:00,BTC-USDT,1min,67826.9,67845.9,67826.9,67832.8,2010
2024-05-28 04:59:00,2024-05-28 04:58:00,BTC-USDT,1min,67832.7,67832.8,67821.5,67821.6,4328
2024-05-28 05:00:00,2024-05-28 04:59:00,BTC-USDT,1min,67821.6,67821.6,67759.8,67759.8,1802
2024-05-28 05:01:00,2024-05-28 05:00:00,BTC-USDT,1min,67759.7,67759.7,67730.0,67730.1,5758
2024-05-28 05:02:00,2024-05-28 05:01:00,BTC-USDT,1min,67730.1,67803.6,67712.9,67803.6,26466
2024-05-28 05:03:00,2024-05-28 05:02:00,BTC-USDT,1min,67803.7,67805.8,67689.9,67689.9,5122
2024-05-28 05:04:00,2024-05-28 05:03:00,BTC-USDT,1min,67690.0,67766.5,67689.9,67766.5,1942
2024-05-28 05:05:00,2024-05-28 05:04:00,BTC-USDT,1min,67766.5,67766.5,67735.0,67750.0,1172
2024-05-28 05:06:00,2024-05-28 05:05:00,BTC-USDT,1min,67750.0,67756.1,67742.6,67756.1,2046
2024-05-28 05:07:00,2024-05-28 05:06:00,BTC-USDT,1min,67756.1,67779.9,67743.5,67743.6,2088
2024-05-28 05:08:00,2024-05-28 05:07:00,BTC-USDT,1min,67743.5,67821.8,67721.2,67795.6,11274
2024-05-28 05:09:00,2024-05-28 05:08:00,BTC-USDT,1min,67795.7,67833.6,67795.7,67801.7,1530
2024-05-28 05:10:00,2024-05-28 05:09:00,BTC-USDT,1min,67804.6,67849.8,67804.6,67815.2,13866
2024-05-28 05:11:00,2024-05-28 05:10:00,BTC-USDT,1min,67819.6,67882.8,67819.6,67882.8,2664
2024-05-28 05:12:00,2024-05-28 05:11:00,BTC-USDT,1min,67882.8,67921.5,67876.1,67901.9,11126
2024-05-28 05:13:00,2024-05-28 05:12:00,BTC-USDT,1min,67919.2,67973.7,67919.2,67943.2,13958
2024-05-28 05:14:00,2024-05-28 05:13:00,BTC-USDT,1min,67943.2,67950.5,67900.0,67950.4,5314
2024-05-28 05:15:00,2024-05-28 05:14:00,BTC-USDT,1min,67950.4,67950.5,67902.7,67902.8,1918
2024-05-28 05:16:00,2024-05-28 05:15:00,BTC-USDT,1min,67903.0,67921.2,67890.7,67890.7,1108
2024-05-28 05:17:00,2024-05-28 05:16:00,BTC-USDT,1min,67890.8,67941.8,67890.8,67911.2,19334
2024-05-28 05:18:00,2024-05-28 05:17:00,BTC-USDT,1min,67918.0,67922.0,67890.0,67890.1,3184
2024-05-28 05:19:00,2024-05-28 05:18:00,BTC-USDT,1min,67890.1,67890.1,67878.3,67878.3,4982
2024-05-28 05:20:00,2024-05-28 05:19:00,BTC-USDT,1min,67878.4,67878.4,67854.5,67864.7,2460
2024-05-28 05:21:00,2024-05-28 05:20:00,BTC-USDT,1min,67864.6,67869.4,67851.2,67851.2,402
2024-05-28 05:22:00,2024-05-28 05:21:00,BTC-USDT,1min,67848.7,67848.7,67800.0,67815.6,1376
2024-05-28 05:23:00,2024-05-28 05:22:00,BTC-USDT,1min,67839.1,67863.5,67830.6,67830.6,664
2024-05-28 05:24:00,2024-05-28 05:23:00,BTC-USDT,1min,67830.6,67865.0,67823.5,67865.0,876
2024-05-28 05:25:00,2024-05-28 05:24:00,BTC-USDT,1min,67864.9,67878.0,67864.9,67869.8,1384
2024-05-28 05:26:00,2024-05-28 05:25:00,BTC-USDT,1min,67883.7,67883.7,67844.0,67844.0,2172
2024-05-28 05:27:00,2024-05-28 05:26:00,BTC-USDT,1min,67844.0,67854.1,67829.7,67854.1,190
2024-05-28 05:28:00,2024-05-28 05:27:00,BTC-USDT,1min,67835.6,67835.7,67835.0,67835.0,352
2024-05-28 05:29:00,2024-05-28 05:28:00,BTC-USDT,1min,67829.1,67857.3,67829.1,67857.2,726
2024-05-28 05:30:00,2024-05-28 05:29:00,BTC-USDT,1min,67850.4,67861.6,67849.1,67855.5,3442
2024-05-28 05:31:00,2024-05-28 05:30:00,BTC-USDT,1min,67855.6,67876.0,67855.5,67876.0,1260
2024-05-28 05:32:00,2024-05-28 05:31:00,BTC-USDT,1min,67886.4,67886.4,67862.2,67862.2,1614
2024-05-28 05:33:00,2024-05-28 05:32:00,BTC-USDT,1min,67855.6,67855.6,67835.7,67835.7,630
2024-05-28 05:34:00,2024-05-28 05:33:00,BTC-USDT,1min,67835.7,67880.0,67835.7,67866.3,2292
2024-05-28 05:35:00,2024-05-28 05:34:00,BTC-USDT,1min,67866.4,67881.3,67808.6,67810.1,4088
2024-05-28 05:36:00,2024-05-28 05:35:00,BTC-USDT,1min,67810.1,67870.9,67810.1,67854.8,676
2024-05-28 05:37:00,2024-05-28 05:36:00,BTC-USDT,1min,67880.0,67919.1,67880.0,67919.0,744
2024-05-28 05:38:00,2024-05-28 05:37:00,BTC-USDT,1min,67926.7,67957.2,67920.8,67947.9,2680
2024-05-28 05:39:00,2024-05-28 05:38:00,BTC-USDT,1min,67946.4,67946.4,67924.0,67929.5,4416
2024-05-28 05:40:00,2024-05-28 05:39:00,BTC-USDT,1min,67929.4,67957.1,67929.4,67957.0,1508
2024-05-28 05:41:00,2024-05-28 05:40:00,BTC-USDT,1min,67956.5,67980.0,67941.7,67967.9,8352
2024-05-28 05:42:00,2024-05-28 05:41:00,BTC-USDT,1min,67967.9,67978.9,67963.7,67964.6,1708
2024-05-28 05:43:00,2024-05-28 05:42:00,BTC-USDT,1min,67964.5,67968.0,67964.5,67968.0,4850
2024-05-28 05:44:00,2024-05-28 05:43:00,BTC-USDT,1min,67967.9,67978.9,67967.9,67978.9,1920
2024-05-28 05:45:00,2024-05-28 05:44:00,BTC-USDT,1min,67967.0,68000.0,67967.0,67974.3,1438
2024-05-28 05:46:00,2024-05-28 05:45:00,BTC-USDT,1min,67963.0,67973.6,67954.6,67954.6,1764
2024-05-28 05:47:00,2024-05-28 05:46:00,BTC-USDT,1min,67946.4,67946.4,67936.0,67936.0,2924
2024-05-28 05:48:00,2024-05-28 05:47:00,BTC-USDT,1min,67929.4,67929.5,67904.7,67904.7,1138
2024-05-28 05:49:00,2024-05-28 05:48:00,BTC-USDT,1min,67904.6,67910.0,67895.0,67897.2,4952
2024-05-28 05:50:00,2024-05-28 05:49:00,BTC-USDT,1min,67897.2,67931.9,67897.2,67921.8,3262
2024-05-28 05:51:00,2024-05-28 05:50:00,BTC-USDT,1min,67921.8,67943.3,67906.1,67938.1,2984
2024-05-28 05:52:00,2024-05-28 05:51:00,BTC-USDT,1min,67938.1,67949.1,67938.1,67949.1,4104
2024-05-28 05:53:00,2024-05-28 05:52:00,BTC-USDT,1min,67949.1,67951.5,67949.1,67951.5,456
2024-05-28 05:54:00,2024-05-28 05:53:00,BTC-USDT,1min,67951.5,67963.8,67951.5,67963.8,402
2024-05-28 05:55:00,2024-05-28 05:54:00,BTC-USDT,1min,67969.9,67994.4,67969.9,67994.4,4128
2024-05-28 05:56:00,2024-05-28 05:55:00,BTC-USDT,1min,68000.0,68000.0,67979.7,67984.2,1602
2024-05-28 05:57:00,2024-05-28 05:56:00,BTC-USDT,1min,67984.2,68021.6,67984.2,68021.6,1030
2024-05-28 05:58:00,2024-05-28 05:57:00,BTC-USDT,1min,68021.6,68062.0,68021.6,68053.3,7056
2024-05-28 05:59:00,2024-05-28 05:58:00,BTC-USDT,1min,68053.3,68070.0,68049.4,68070.0,8854
2024-05-28 06:00:00,2024-05-28 05:59:00,BTC-USDT,1min,68070.0,68070.0,68006.4,68009.8,2428
2024-05-28 06:01:00,2024-05-28 06:00:00,BTC-USDT,1min,68030.8,68030.8,68017.1,68026.1,420
2024-05-28 06:02:00,2024-05-28 06:01:00,BTC-USDT,1min,68026.2,68048.6,68026.1,68048.6,1246
2024-05-28 06:03:00,2024-05-28 06:02:00,BTC-USDT,1min,68048.6,68056.0,68031.9,68056.0,37382
2024-05-28 06:04:00,2024-05-28 06:03:00,BTC-USDT,1min,68035.4,68049.9,68012.0,68049.9,1592
2024-05-28 06:05:00,2024-05-28 06:04:00,BTC-USDT,1min,68044.3,68044.3,68033.6,68038.6,2704
2024-05-28 06:06:00,2024-05-28 06:05:00,BTC-USDT,1min,68030.0,68030.0,68012.0,68012.0,118
2024-05-28 06:07:00,2024-05-28 06:06:00,BTC-USDT,1min,68025.8,68032.8,68012.0,68012.1,1816
2024-05-28 06:08:00,2024-05-28 06:07:00,BTC-USDT,1min,68007.7,68007.7,67976.1,67976.2,5514
2024-05-28 06:09:00,2024-05-28 06:08:00,BTC-USDT,1min,67981.8,67981.9,67969.0,67969.0,3220
2024-05-28 06:10:00,2024-05-28 06:09:00,BTC-USDT,1min,67963.2,67975.3,67955.3,67975.2,4242
2024-05-28 06:11:00,2024-05-28 06:10:00,BTC-USDT,1min,67967.0,67967.1,67956.0,67956.0,400
2024-05-28 06:12:00,2024-05-28 06:11:00,BTC-USDT,1min,67956.0,67956.0,67915.1,67915.2,3442
2024-05-28 06:13:00,2024-05-28 06:12:00,BTC-USDT,1min,67909.7,67936.3,67909.7,67936.3,460
2024-05-28 06:14:00,2024-05-28 06:13:00,BTC-USDT,1min,67940.7,67982.1,67940.7,67982.1,1012
2024-05-28 06:15:00,2024-05-28 06:14:00,BTC-USDT,1min,67994.5,67994.5,67984.0,67984.0,224
2024-05-28 06:16:00,2024-05-28 06:15:00,BTC-USDT,1min,67976.5,67983.4,67952.4,67952.4,1492
2024-05-28 06:17:00,2024-05-28 06:16:00,BTC-USDT,1min,67945.5,67945.5,67942.0,67942.0,240
2024-05-28 06:18:00,2024-05-28 06:17:00,BTC-USDT,1min,67942.0,67970.0,67942.0,67969.9,958
2024-05-28 06:19:00,2024-05-28 06:18:00,BTC-USDT,1min,67962.7,67968.7,67962.7,67968.7,394
2024-05-28 06:20:00,2024-05-28 06:19:00,BTC-USDT,1min,67968.7,67968.7,67965.2,67965.2,580
2024-05-28 06:21:00,2024-05-28 06:20:00,BTC-USDT,1min,67962.7,67962.7,67946.6,67946.7,564
2024-05-28 06:22:00,2024-05-28 06:21:00,BTC-USDT,1min,67946.7,67960.3,67946.7,67949.4,176
2024-05-28 06:23:00,2024-05-28 06:22:00,BTC-USDT,1min,67949.3,67949.3,67941.4,67941.4,842
2024-05-28 06:24:00,2024-05-28 06:23:00,BTC-USDT,1min,67941.4,67941.4,67941.4,67941.4,40
2024-05-28 06:25:00,2024-05-28 06:24:00,BTC-USDT,1min,67926.4,67926.4,67887.8,67887.8,2934
2024-05-28 06:26:00,2024-05-28 06:25:00,BTC-USDT,1min,67887.9,67887.9,67854.3,67854.3,12512
2024-05-28 06:27:00,2024-05-28 06:26:00,BTC-USDT,1min,67854.3,67877.1,67850.0,67877.1,1762
2024-05-28 06:28:00,2024-05-28 06:27:00,BTC-USDT,1min,67878.3,67887.2,67865.9,67865.9,3864
2024-05-28 06:29:00,2024-05-28 06:28:00,BTC-USDT,1min,67866.0,67866.0,67865.9,67865.9,174
2024-05-28 06:30:00,2024-05-28 06:29:00,BTC-USDT,1min,67856.6,67867.8,67850.0,67850.0,3680
2024-05-28 06:31:00,2024-05-28 06:30:00,BTC-USDT,1min,67850.0,67850.1,67827.5,67832.3,4610
2024-05-28 06:32:00,2024-05-28 06:31:00,BTC-USDT,1min,67820.6,67845.4,67818.0,67841.1,1366
2024-05-28 06:33:00,2024-05-28 06:32:00,BTC-USDT,1min,67841.1,67849.6,67829.7,67849.6,3700
2024-05-28 06:34:00,2024-05-28 06:33:00,BTC-USDT,1min,67838.9,67891.7,67838.9,67891.7,3666
2024-05-28 06:35:00,2024-05-28 06:34:00,BTC-USDT,1min,67897.7,67910.4,67884.7,67910.4,1414
2024-05-28 06:36:00,2024-05-28 06:35:00,BTC-USDT,1min,67910.4,67910.4,67889.5,67895.2,278
2024-05-28 06:37:00,2024-05-28 06:36:00,BTC-USDT,1min,67900.6,67930.6,67900.6,67930.6,332
2024-05-28 06:38:00,2024-05-28 06:37:00,BTC-USDT,1min,67930.6,67950.0,67930.6,67950.0,432
2024-05-28 06:39:00,2024-05-28 06:38:00,BTC-USDT,1min,67939.3,67939.3,67906.0,67906.0,392
2024-05-28 06:40:00,2024-05-28 06:39:00,BTC-USDT,1min,67906.0,67919.9,67906.0,67919.9,1108
2024-05-28 06:41:00,2024-05-28 06:40:00,BTC-USDT,1min,67924.4,67924.4,67924.4,67924.4,282
2024-05-28 06:42:00,2024-05-28 06:41:00,BTC-USDT,1min,67923.1,67932.5,67923.1,67932.5,850
2024-05-28 06:43:00,2024-05-28 06:42:00,BTC-USDT,1min,67969.9,67981.3,67969.9,67981.3,342
2024-05-28 06:44:00,2024-05-28 06:43:00,BTC-USDT,1min,67981.3,68068.4,67981.3,68067.1,5254
2024-05-28 06:45:00,2024-05-28 06:44:00,BTC-USDT,1min,68061.6,68121.8,68045.3,68115.1,32836
2024-05-28 06:46:00,2024-05-28 06:45:00,BTC-USDT,1min,68106.1,68121.6,68078.3,68078.4,6860
2024-05-28 06:47:00,2024-05-28 06:46:00,BTC-USDT,1min,68078.3,68078.4,68045.8,68045.8,2054
2024-05-28 06:48:00,2024-05-28 06:47:00,BTC-USDT,1min,68045.7,68065.3,68045.7,68064.4,3058
2024-05-28 06:49:00,2024-05-28 06:48:00,BTC-USDT,1min,68064.4,68064.4,68048.2,68048.2,906
2024-05-28 06:50:00,2024-05-28 06:49:00,BTC-USDT,1min,68041.7,68041.7,68024.4,68041.6,2162
2024-05-28 06:51:00,2024-05-28 06:50:00,BTC-USDT,1min,68030.8,68030.8,68010.0,68010.0,2678
2024-05-28 06:52:00,2024-05-28 06:51:00,BTC-USDT,1min,68010.0,68048.7,68010.0,68048.6,2156
2024-05-28 06:53:00,2024-05-28 06:52:00,BTC-USDT,1min,68048.7,68048.7,68017.3,68017.3,1582
2024-05-28 06:54:00,2024-05-28 06:53:00,BTC-USDT,1min,68017.3,68040.3,68017.3,68040.3,370
2024-05-28 06:55:00,2024-05-28 06:54:00,BTC-USDT,1min,68040.3,68040.3,68022.5,68022.5,212
2024-05-28 06:56:00,2024-05-28 06:55:00,BTC-USDT,1min,68017.4,68017.4,67979.0,67979.1,3340
2024-05-28 06:57:00,2024-05-28 06:56:00,BTC-USDT,1min,67966.8,67966.8,67952.3,67966.8,15568
2024-05-28 06:58:00,2024-05-28 06:57:00,BTC-USDT,1min,67966.8,67970.8,67966.8,67970.8,138
2024-05-28 06:59:00,2024-05-28 06:58:00,BTC-USDT,1min,67971.4,68003.2,67971.3,68003.2,4648
2024-05-28 07:00:00,2024-05-28 06:59:00,BTC-USDT,1min,68003.1,68050.3,68003.1,68009.1,7772
2024-05-28 07:01:00,2024-05-28 07:00:00,BTC-USDT,1min,68009.1,68009.1,67983.0,67983.0,1068
2024-05-28 07:02:00,2024-05-28 07:01:00,BTC-USDT,1min,67991.9,67992.0,67978.8,67982.8,320
2024-05-28 07:03:00,2024-05-28 07:02:00,BTC-USDT,1min,67983.8,67990.1,67974.4,67974.4,1358
2024-05-28 07:04:00,2024-05-28 07:03:00,BTC-USDT,1min,67965.1,67965.1,67956.1,67956.1,204
2024-05-28 07:05:00,2024-05-28 07:04:00,BTC-USDT,1min,67956.0,67956.1,67942.0,67942.1,1462
2024-05-28 07:06:00,2024-05-28 07:05:00,BTC-USDT,1min,67942.1,67972.9,67942.0,67972.9,3438
2024-05-28 07:07:00,2024-05-28 07:06:00,BTC-USDT,1min,67972.8,67972.8,67966.0,67966.1,36
2024-05-28 07:08:00,2024-05-28 07:07:00,BTC-USDT,1min,67966.0,67966.0,67922.0,67927.3,2712
2024-05-28 07:09:00,2024-05-28 07:08:00,BTC-USDT,1min,67935.5,67935.5,67916.2,67923.2,6548
2024-05-28 07:10:00,2024-05-28 07:09:00,BTC-USDT,1min,67923.3,67926.1,67917.4,67926.0,2806
2024-05-28 07:11:00,2024-05-28 07:10:00,BTC-USDT,1min,67929.1,67930.1,67929.1,67930.1,692
2024-05-28 07:12:00,2024-05-28 07:11:00,BTC-USDT,1min,67930.1,67935.5,67923.2,67923.2,4166
2024-05-28 07:13:00,2024-05-28 07:12:00,BTC-USDT,1min,67923.3,67923.3,67882.2,67908.5,4488
2024-05-28 07:14:00,2024-05-28 07:13:00,BTC-USDT,1min,67908.4,67952.0,67897.2,67952.0,7038
2024-05-28 07:15:00,2024-05-28 07:14:00,BTC-USDT,1min,67956.9,67956.9,67868.0,67884.4,4048
2024-05-28 07:16:00,2024-05-28 07:15:00,BTC-USDT,1min,67884.4,67912.7,67884.4,67895.3,1150
2024-05-28 07:17:00,2024-05-28 07:16:00,BTC-USDT,1min,67887.5,67903.5,67880.7,67903.5,408
2024-05-28 07:18:00,2024-05-28 07:17:00,BTC-USDT,1min,67900.0,67900.0,67868.1,67880.1,5374
2024-05-28 07:19:00,2024-05-28 07:18:00,BTC-USDT,1min,67880.0,67901.2,67860.8,67860.8,3076
2024-05-28 07:20:00,2024-05-28 07:19:00,BTC-USDT,1min,67860.8,67861.0,67860.8,67861.0,810
2024-05-28 07:21:00,2024-05-28 07:20:00,BTC-USDT,1min,67867.8,67874.0,67865.6,67865.6,1788
2024-05-28 07:22:00,2024-05-28 07:21:00,BTC-USDT,1min,67865.6,67870.9,67865.6,67870.8,2022
2024-05-28 07:23:00,2024-05-28 07:22:00,BTC-USDT,1min,67870.8,67900.0,67870.7,67900.0,788
2024-05-28 07:24:00,2024-05-28 07:23:00,BTC-USDT,1min,67895.5,67895.5,67881.2,67881.2,1434
2024-05-28 07:25:00,2024-05-28 07:24:00,BTC-USDT,1min,67861.8,67861.8,67814.2,67833.1,12890
2024-05-28 07:26:00,2024-05-28 07:25:00,BTC-USDT,1min,67833.1,67848.3,67824.6,67848.2,3664
2024-05-28 07:27:00,2024-05-28 07:26:00,BTC-USDT,1min,67824.7,67852.4,67824.7,67840.2,506
2024-05-28 07:28:00,2024-05-28 07:27:00,BTC-USDT,1min,67840.2,67840.3,67840.2,67840.3,780
2024-05-28 07:29:00,2024-05-28 07:28:00,BTC-USDT,1min,67850.0,67868.6,67849.9,67868.6,3684
2024-05-28 07:30:00,2024-05-28 07:29:00,BTC-USDT,1min,67868.5,67868.6,67858.6,67863.4,3556
2024-05-28 07:31:00,2024-05-28 07:30:00,BTC-USDT,1min,67863.4,67889.5,67863.3,67870.1,7254
2024-05-28 07:32:00,2024-05-28 07:31:00,BTC-USDT,1min,67870.0,67871.5,67870.0,67871.4,612
2024-05-28 07:33:00,2024-05-28 07:32:00,BTC-USDT,1min,67865.2,67865.2,67841.0,67841.0,3274
2024-05-28 07:34:00,2024-05-28 07:33:00,BTC-USDT,1min,67841.1,67841.1,67841.0,67841.0,640
2024-05-28 07:35:00,2024-05-28 07:34:00,BTC-USDT,1min,67841.0,67850.1,67841.0,67850.0,562
2024-05-28 07:36:00,2024-05-28 07:35:00,BTC-USDT,1min,67850.1,67850.1,67790.1,67790.2,2856
2024-05-28 07:37:00,2024-05-28 07:36:00,BTC-USDT,1min,67790.2,67790.2,67763.0,67763.0,7230
2024-05-28 07:38:00,2024-05-28 07:37:00,BTC-USDT,1min,67763.1,67827.0,67763.0,67826.9,5418
2024-05-28 07:39:00,2024-05-28 07:38:00,BTC-USDT,1min,67832.0,67887.1,67824.7,67887.1,5046
2024-05-28 07:40:00,2024-05-28 07:39:00,BTC-USDT,1min,67887.1,67887.7,67847.8,67847.8,3656
2024-05-28 07:41:00,2024-05-28 07:40:00,BTC-USDT,1min,67841.8,67841.8,67814.7,67814.7,1464
2024-05-28 07:42:00,2024-05-28 07:41:00,BTC-USDT,1min,67814.8,67814.8,67780.0,67780.0,494
2024-05-28 07:43:00,2024-05-28 07:42:00,BTC-USDT,1min,67791.9,67797.8,67777.0,67792.1,3224
2024-05-28 07:44:00,2024-05-28 07:43:00,BTC-USDT,1min,67800.1,67837.6,67799.5,67837.5,2666
2024-05-28 07:45:00,2024-05-28 07:44:00,BTC-USDT,1min,67837.6,67867.7,67837.5,67863.0,608
2024-05-28 07:46:00,2024-05-28 07:45:00,BTC-USDT,1min,67862.9,67863.0,67862.9,67862.9,212
2024-05-28 07:47:00,2024-05-28 07:46:00,BTC-USDT,1min,67863.0,67863.0,67817.5,67829.2,2160
2024-05-28 07:48:00,2024-05-28 07:47:00,BTC-USDT,1min,67829.1,67829.1,67790.8,67790.8,1700
2024-05-28 07:49:00,2024-05-28 07:48:00,BTC-USDT,1min,67790.8,67798.2,67790.8,67798.1,718
2024-05-28 07:50:00,2024-05-28 07:49:00,BTC-USDT,1min,67797.3,67797.3,67775.0,67775.0,2248
2024-05-28 07:51:00,2024-05-28 07:50:00,BTC-USDT,1min,67763.1,67763.7,67714.4,67746.3,5190
2024-05-28 07:52:00,2024-05-28 07:51:00,BTC-USDT,1min,67746.3,67751.7,67723.8,67732.2,1646
2024-05-28 07:53:00,2024-05-28 07:52:00,BTC-USDT,1min,67718.8,67718.9,67718.8,67718.9,1034
2024-05-28 07:54:00,2024-05-28 07:53:00,BTC-USDT,1min,67718.9,67723.3,67718.9,67723.3,4820
2024-05-28 07:55:00,2024-05-28 07:54:00,BTC-USDT,1min,67723.3,67724.4,67718.9,67724.4,1492
2024-05-28 07:56:00,2024-05-28 07:55:00,BTC-USDT,1min,67731.2,67745.0,67725.2,67725.2,4656
2024-05-28 07:57:00,2024-05-28 07:56:00,BTC-USDT,1min,67725.5,67729.4,67720.1,67720.2,598
2024-05-28 07:58:00,2024-05-28 07:57:00,BTC-USDT,1min,67725.6,67739.0,67720.0,67739.0,7566
2024-05-28 07:59:00,2024-05-28 07:58:00,BTC-USDT,1min,67738.9,67739.0,67722.0,67722.0,2832
2024-05-28 08:00:00,2024-05-28 07:59:00,BTC-USDT,1min,67722.1,67722.1,67688.0,67688.0,6862
2024-05-28 08:01:00,2024-05-28 08:00:00,BTC-USDT,1min,67688.1,67688.1,67671.2,67671.2,4286
2024-05-28 08:02:00,2024-05-28 08:01:00,BTC-USDT,1min,67671.3,67684.8,67646.5,67684.8,6624
2024-05-28 08:03:00,2024-05-28 08:02:00,BTC-USDT,1min,67688.1,67688.1,67647.3,67647.3,1186
2024-05-28 08:04:00,2024-05-28 08:03:00,BTC-USDT,1min,67647.3,67683.6,67636.0,67673.3,9352
2024-05-28 08:05:00,2024-05-28 08:04:00,BTC-USDT,1min,67666.1,67758.5,67666.1,67741.3,2618
2024-05-28 08:06:00,2024-05-28 08:05:00,BTC-USDT,1min,67741.2,67761.2,67711.1,67731.0,12140
2024-05-28 08:07:00,2024-05-28 08:06:00,BTC-USDT,1min,67747.0,67748.2,67711.1,67748.2,1872
2024-05-28 08:08:00,2024-05-28 08:07:00,BTC-USDT,1min,67748.1,67809.7,67735.5,67799.7,4370
2024-05-28 08:09:00,2024-05-28 08:08:00,BTC-USDT,1min,67799.6,67874.1,67799.6,67859.9,7094
2024-05-28 08:10:00,2024-05-28 08:09:00,BTC-USDT,1min,67860.0,67926.9,67860.0,67908.6,12992
2024-05-28 08:11:00,2024-05-28 08:10:00,BTC-USDT,1min,67908.0,67926.3,67884.1,67900.5,11542
2024-05-28 08:12:00,2024-05-28 08:11:00,BTC-USDT,1min,67898.5,67917.3,67882.8,67906.8,1748
2024-05-28 08:13:00,2024-05-28 08:12:00,BTC-USDT,1min,67906.8,67957.5,67906.7,67942.7,3002
2024-05-28 08:14:00,2024-05-28 08:13:00,BTC-USDT,1min,67946.0,67946.0,67933.3,67945.9,1878
2024-05-28 08:15:00,2024-05-28 08:14:00,BTC-USDT,1min,67946.0,67988.1,67945.9,67988.1,3878
2024-05-28 08:16:00,2024-05-28 08:15:00,BTC-USDT,1min,67988.1,68012.2,67988.1,68000.0,1894
2024-05-28 08:17:00,2024-05-28 08:16:00,BTC-USDT,1min,68000.0,68000.0,67961.0,67961.0,4510
2024-05-28 08:18:00,2024-05-28 08:17:00,BTC-USDT,1min,67961.1,67961.1,67930.3,67930.3,1750
2024-05-28 08:19:00,2024-05-28 08:18:00,BTC-USDT,1min,67924.6,67924.6,67894.7,67894.7,860
2024-05-28 08:20:00,2024-05-28 08:19:00,BTC-USDT,1min,67894.6,67941.2,67894.6,67941.1,3804
2024-05-28 08:21:00,2024-05-28 08:20:00,BTC-USDT,1min,67939.9,67952.3,67908.5,67917.0,782
2024-05-28 08:22:00,2024-05-28 08:21:00,BTC-USDT,1min,67932.4,67955.5,67923.3,67955.0,962
2024-05-28 08:23:00,2024-05-28 08:22:00,BTC-USDT,1min,67930.6,67974.5,67930.6,67972.9,1196
2024-05-28 08:24:00,2024-05-28 08:23:00,BTC-USDT,1min,67972.9,67980.9,67972.9,67980.9,332
2024-05-28 08:25:00,2024-05-28 08:24:00,BTC-USDT,1min,67981.0,68003.6,67981.0,68003.5,1236
2024-05-28 08:26:00,2024-05-28 08:25:00,BTC-USDT,1min,68000.0,68017.0,67994.2,68016.9,684
2024-05-28 08:27:00,2024-05-28 08:26:00,BTC-USDT,1min,68017.0,68036.7,68017.0,68030.1,1200
2024-05-28 08:28:00,2024-05-28 08:27:00,BTC-USDT,1min,68030.2,68030.2,67987.9,67987.9,8414
2024-05-28 08:29:00,2024-05-28 08:28:00,BTC-USDT,1min,67987.9,68030.8,67987.9,68030.7,1336
2024-05-28 08:30:00,2024-05-28 08:29:00,BTC-USDT,1min,68027.3,68027.3,68018.0,68024.9,4350
2024-05-28 08:31:00,2024-05-28 08:30:00,BTC-USDT,1min,68025.0,68044.4,68024.9,68038.0,1184
2024-05-28 08:32:00,2024-05-28 08:31:00,BTC-USDT,1min,68038.0,68038.0,68018.1,68018.1,1482
2024-05-28 08:33:00,2024-05-28 08:32:00,BTC-USDT,1min,68018.2,68018.2,68013.6,68013.6,2878
2024-05-28 08:34:00,2024-05-28 08:33:00,BTC-USDT,1min,68013.7,68013.7,67977.2,67977.2,6362
2024-05-28 08:35:00,2024-05-28 08:34:00,BTC-USDT,1min,67977.2,67982.1,67977.0,67977.0,970
2024-05-28 08:36:00,2024-05-28 08:35:00,BTC-USDT,1min,67977.1,68010.2,67977.0,68009.0,860
2024-05-28 08:37:00,2024-05-28 08:36:00,BTC-USDT,1min,68009.1,68042.6,68009.0,68038.5,4980
2024-05-28 08:38:00,2024-05-28 08:37:00,BTC-USDT,1min,68038.6,68048.3,68038.5,68044.3,4086
2024-05-28 08:39:00,2024-05-28 08:38:00,BTC-USDT,1min,68044.4,68049.4,68044.3,68049.3,4794
2024-05-28 08:40:00,2024-05-28 08:39:00,BTC-USDT,1min,68049.4,68050.0,68044.4,68050.0,592
2024-05-28 08:41:00,2024-05-28 08:40:00,BTC-USDT,1min,68060.9,68061.0,68060.9,68061.0,5210
2024-05-28 08:42:00,2024-05-28 08:41:00,BTC-USDT,1min,68060.9,68099.5,68054.9,68098.8,6658
2024-05-28 08:43:00,2024-05-28 08:42:00,BTC-USDT,1min,68098.9,68099.9,68080.3,68099.9,1704
2024-05-28 08:44:00,2024-05-28 08:43:00,BTC-USDT,1min,68100.0,68110.5,68086.8,68099.1,1462
2024-05-28 08:45:00,2024-05-28 08:44:00,BTC-USDT,1min,68099.2,68144.3,68099.2,68137.4,9646
2024-05-28 08:46:00,2024-05-28 08:45:00,BTC-USDT,1min,68135.1,68182.3,68116.2,68182.3,12162
2024-05-28 08:47:00,2024-05-28 08:46:00,BTC-USDT,1min,68182.3,68213.6,68140.5,68206.8,8800
2024-05-28 08:48:00,2024-05-28 08:47:00,BTC-USDT,1min,68200.5,68274.4,68200.5,68274.4,11054
2024-05-28 08:49:00,2024-05-28 08:48:00,BTC-USDT,1min,68271.1,68271.1,68206.8,68209.5,20848
2024-05-28 08:50:00,2024-05-28 08:49:00,BTC-USDT,1min,68209.5,68209.5,68161.1,68163.4,6100
2024-05-28 08:51:00,2024-05-28 08:50:00,BTC-USDT,1min,68163.4,68230.5,68160.0,68221.9,10670
2024-05-28 08:52:00,2024-05-28 08:51:00,BTC-USDT,1min,68222.4,68222.4,68194.5,68194.5,3918
2024-05-28 08:53:00,2024-05-28 08:52:00,BTC-USDT,1min,68194.5,68199.9,68194.5,68194.6,2928
2024-05-28 08:54:00,2024-05-28 08:53:00,BTC-USDT,1min,68178.6,68178.6,68160.3,68176.9,4910
2024-05-28 08:55:00,2024-05-28 08:54:00,BTC-USDT,1min,68160.0,68160.0,68144.5,68144.5,1614
2024-05-28 08:56:00,2024-05-28 08:55:00,BTC-USDT,1min,68144.5,68144.5,68107.0,68132.2,3272
2024-05-28 08:57:00,2024-05-28 08:56:00,BTC-USDT,1min,68132.3,68180.1,68132.3,68159.8,384
2024-05-28 08:58:00,2024-05-28 08:57:00,BTC-USDT,1min,68159.9,68159.9,68153.5,68153.6,1424
2024-05-28 08:59:00,2024-05-28 08:58:00,BTC-USDT,1min,68157.3,68180.1,68157.3,68180.1,584
2024-05-28 09:00:00,2024-05-28 08:59:00,BTC-USDT,1min,68180.1,68180.1,68144.2,68152.2,2696
2024-05-28 09:01:00,2024-05-28 09:00:00,BTC-USDT,1min,68144.2,68144.2,68126.2,68133.1,294
2024-05-28 09:02:00,2024-05-28 09:01:00,BTC-USDT,1min,68133.1,68152.8,68112.4,68152.7,7044
2024-05-28 09:03:00,2024-05-28 09:02:00,BTC-USDT,1min,68147.8,68147.8,68102.1,68124.3,3878
2024-05-28 09:04:00,2024-05-28 09:03:00,BTC-USDT,1min,68121.5,68121.5,68121.4,68121.4,590
2024-05-28 09:05:00,2024-05-28 09:04:00,BTC-USDT,1min,68121.4,68121.5,68121.4,68121.5,528
2024-05-28 09:06:00,2024-05-28 09:05:00,BTC-USDT,1min,68121.5,68121.5,68087.3,68112.3,796
2024-05-28 09:07:00,2024-05-28 09:06:00,BTC-USDT,1min,68121.5,68139.9,68121.5,68138.8,946
2024-05-28 09:08:00,2024-05-28 09:07:00,BTC-USDT,1min,68138.8,68138.8,68112.3,68112.3,1710
2024-05-28 09:09:00,2024-05-28 09:08:00,BTC-USDT,1min,68112.3,68151.0,68112.3,68150.9,704
2024-05-28 09:10:00,2024-05-28 09:09:00,BTC-USDT,1min,68152.8,68199.1,68152.8,68194.3,2988
2024-05-28 09:11:00,2024-05-28 09:10:00,BTC-USDT,1min,68200.0,68233.4,68178.2,68178.2,3622
2024-05-28 09:12:00,2024-05-28 09:11:00,BTC-USDT,1min,68167.3,68189.9,68160.1,68175.0,4186
2024-05-28 09:13:00,2024-05-28 09:12:00,BTC-USDT,1min,68175.0,68175.1,68153.7,68153.7,7426
2024-05-28 09:14:00,2024-05-28 09:13:00,BTC-USDT,1min,68144.9,68161.9,68137.5,68153.8,398
2024-05-28 09:15:00,2024-05-28 09:14:00,BTC-USDT,1min,68153.8,68180.5,68153.8,68180.5,114
2024-05-28 09:16:00,2024-05-28 09:15:00,BTC-USDT,1min,68164.3,68179.0,68159.7,68159.7,916
2024-05-28 09:17:00,2024-05-28 09:16:00,BTC-USDT,1min,68158.1,68169.8,68126.2,68126.3,3386
2024-05-28 09:18:00,2024-05-28 09:17:00,BTC-USDT,1min,68126.3,68139.7,68123.5,68123.6,3938
2024-05-28 09:19:00,2024-05-28 09:18:00,BTC-USDT,1min,68123.5,68123.6,68103.3,68103.4,2028
2024-05-28 09:20:00,2024-05-28 09:19:00,BTC-USDT,1min,68091.5,68091.5,68059.9,68065.0,4572
2024-05-28 09:21:00,2024-05-28 09:20:00,BTC-USDT,1min,68065.0,68098.0,68065.0,68098.0,1478
2024-05-28 09:22:00,2024-05-28 09:21:00,BTC-USDT,1min,68087.0,68124.0,68081.1,68124.0,790
2024-05-28 09:23:00,2024-05-28 09:22:00,BTC-USDT,1min,68124.0,68151.1,68123.9,68141.7,804
2024-05-28 09:24:00,2024-05-28 09:23:00,BTC-USDT,1min,68139.7,68139.7,68139.6,68139.6,274
2024-05-28 09:25:00,2024-05-28 09:24:00,BTC-USDT,1min,68139.7,68139.7,68107.8,68107.8,1064
2024-05-28 09:26:00,2024-05-28 09:25:00,BTC-USDT,1min,68107.9,68122.0,68107.9,68121.9,888
2024-05-28 09:27:00,2024-05-28 09:26:00,BTC-USDT,1min,68107.0,68144.0,68107.0,68144.0,6656
2024-05-28 09:28:00,2024-05-28 09:27:00,BTC-USDT,1min,68144.0,68157.9,68144.0,68157.9,14280
2024-05-28 09:29:00,2024-05-28 09:28:00,BTC-USDT,1min,68157.9,68201.8,68145.4,68186.2,5084
2024-05-28 09:30:00,2024-05-28 09:29:00,BTC-USDT,1min,68167.4,68167.4,68152.1,68152.2,7898
2024-05-28 09:31:00,2024-05-28 09:30:00,BTC-USDT,1min,68152.2,68177.7,68152.0,68168.3,238
2024-05-28 09:32:00,2024-05-28 09:31:00,BTC-USDT,1min,68180.5,68214.7,68180.5,68208.2,1528
2024-05-28 09:33:00,2024-05-28 09:32:00,BTC-USDT,1min,68208.2,68219.2,68188.7,68188.7,2848
2024-05-28 09:34:00,2024-05-28 09:33:00,BTC-USDT,1min,68188.8,68194.3,68188.7,68194.2,1064
2024-05-28 09:35:00,2024-05-28 09:34:00,BTC-USDT,1min,68194.3,68194.3,68194.2,68194.2,998
2024-05-28 09:36:00,2024-05-28 09:35:00,BTC-USDT,1min,68194.3,68194.3,68167.2,68167.2,1734
2024-05-28 09:37:00,2024-05-28 09:36:00,BTC-USDT,1min,68167.2,68228.2,68167.2,68228.2,702
2024-05-28 09:38:00,2024-05-28 09:37:00,BTC-USDT,1min,68220.0,68226.2,68219.4,68226.2,462
2024-05-28 09:39:00,2024-05-28 09:38:00,BTC-USDT,1min,68226.1,68226.2,68217.2,68226.0,1014
2024-05-28 09:40:00,2024-05-28 09:39:00,BTC-USDT,1min,68226.1,68363.9,68226.1,68315.5,14184
2024-05-28 09:41:00,2024-05-28 09:40:00,BTC-USDT,1min,68300.0,68341.6,68275.8,68338.1,2440
2024-05-28 09:42:00,2024-05-28 09:41:00,BTC-USDT,1min,68338.2,68341.6,68322.2,68322.3,5608
2024-05-28 09:43:00,2024-05-28 09:42:00,BTC-USDT,1min,68322.2,68339.6,68322.2,68336.8,652
2024-05-28 09:44:00,2024-05-28 09:43:00,BTC-USDT,1min,68337.3,68433.7,68337.3,68433.7,21298
2024-05-28 09:45:00,2024-05-28 09:44:00,BTC-USDT,1min,68433.7,68433.7,68368.5,68368.6,11286
2024-05-28 09:46:00,2024-05-28 09:45:00,BTC-USDT,1min,68372.4,68431.4,68372.4,68431.4,3342
2024-05-28 09:47:00,2024-05-28 09:46:00,BTC-USDT,1min,68444.0,68513.1,68444.0,68497.8,25438
2024-05-28 09:48:00,2024-05-28 09:47:00,BTC-USDT,1min,68497.8,68539.9,68497.7,68516.3,16492
2024-05-28 09:49:00,2024-05-28 09:48:00,BTC-USDT,1min,68516.3,68528.0,68504.2,68504.2,5842
2024-05-28 09:50:00,2024-05-28 09:49:00,BTC-USDT,1min,68502.9,68502.9,68385.9,68405.0,11132
2024-05-28 09:51:00,2024-05-28 09:50:00,BTC-USDT,1min,68405.1,68425.9,68368.5,68368.5,7170
2024-05-28 09:52:00,2024-05-28 09:51:00,BTC-USDT,1min,68368.5,68521.8,68368.5,68443.1,37956
2024-05-28 09:53:00,2024-05-28 09:52:00,BTC-USDT,1min,68443.1,68443.1,68393.6,68393.6,1426
2024-05-28 09:54:00,2024-05-28 09:53:00,BTC-USDT,1min,68393.4,68417.8,68391.5,68402.3,1994
2024-05-28 09:55:00,2024-05-28 09:54:00,BTC-USDT,1min,68402.3,68498.3,68350.1,68433.9,63252
2024-05-28 09:56:00,2024-05-28 09:55:00,BTC-USDT,1min,68430.0,68430.0,68400.3,68416.3,11138
2024-05-28 09:57:00,2024-05-28 09:56:00,BTC-USDT,1min,68416.2,68416.3,68399.6,68399.6,5068
2024-05-28 09:58:00,2024-05-28 09:57:00,BTC-USDT,1min,68399.6,68399.6,68376.1,68376.1,558
2024-05-28 09:59:00,2024-05-28 09:58:00,BTC-USDT,1min,68376.1,68376.1,68361.4,68361.4,2080
2024-05-28 10:00:00,2024-05-28 09:59:00,BTC-USDT,1min,68361.4,68368.2,68336.4,68341.1,1958
2024-05-28 10:01:00,2024-05-28 10:00:00,BTC-USDT,1min,68341.0,68341.1,68305.6,68305.6,6478
2024-05-28 10:02:00,2024-05-28 10:01:00,BTC-USDT,1min,68296.7,68350.0,68282.8,68350.0,8796
2024-05-28 10:03:00,2024-05-28 10:02:00,BTC-USDT,1min,68336.0,68336.0,68324.0,68329.1,644
2024-05-28 10:04:00,2024-05-28 10:03:00,BTC-USDT,1min,68329.0,68463.9,68329.0,68463.9,10296
2024-05-28 10:05:00,2024-05-28 10:04:00,BTC-USDT,1min,68473.1,68479.5,68441.2,68461.7,1054
2024-05-28 10:06:00,2024-05-28 10:05:00,BTC-USDT,1min,68461.7,68565.0,68461.7,68560.6,16950
2024-05-28 10:07:00,2024-05-28 10:06:00,BTC-USDT,1min,68560.5,68560.5,68516.5,68516.6,3450
2024-05-28 10:08:00,2024-05-28 10:07:00,BTC-USDT,1min,68510.0,68510.0,68486.1,68486.1,2450
2024-05-28 10:09:00,2024-05-28 10:08:00,BTC-USDT,1min,68488.8,68492.1,68475.4,68492.0,5512
2024-05-28 10:10:00,2024-05-28 10:09:00,BTC-USDT,1min,68470.5,68491.8,68470.5,68491.8,2554
2024-05-28 10:11:00,2024-05-28 10:10:00,BTC-USDT,1min,68499.0,68600.0,68499.0,68599.9,8578
2024-05-28 10:12:00,2024-05-28 10:11:00,BTC-USDT,1min,68600.0,68717.4,68594.2,68680.3,65984
2024-05-28 10:13:00,2024-05-28 10:12:00,BTC-USDT,1min,68691.8,68749.3,68685.6,68732.0,36908
2024-05-28 10:14:00,2024-05-28 10:13:00,BTC-USDT,1min,68737.2,68737.2,68694.1,68737.0,14770
2024-05-28 10:15:00,2024-05-28 10:14:00,BTC-USDT,1min,68737.0,68811.5,68737.0,68782.6,45462
2024-05-28 10:16:00,2024-05-28 10:15:00,BTC-USDT,1min,68786.5,68837.7,68783.2,68816.0,11568
2024-05-28 10:17:00,2024-05-28 10:16:00,BTC-USDT,1min,68815.9,68900.0,68783.2,68899.9,72954
2024-05-28 10:18:00,2024-05-28 10:17:00,BTC-USDT,1min,68896.1,68909.4,68856.1,68877.5,18316
2024-05-28 10:19:00,2024-05-28 10:18:00,BTC-USDT,1min,68877.4,68900.0,68797.2,68817.2,71990
2024-05-28 10:20:00,2024-05-28 10:19:00,BTC-USDT,1min,68817.1,68817.1,68780.0,68786.8,17292
2024-05-28 10:21:00,2024-05-28 10:20:00,BTC-USDT,1min,68786.8,68786.8,68666.1,68750.3,13374
2024-05-28 10:22:00,2024-05-28 10:21:00,BTC-USDT,1min,68750.3,68750.3,68688.0,68691.9,10044
2024-05-28 10:23:00,2024-05-28 10:22:00,BTC-USDT,1min,68691.9,68744.8,68666.5,68744.8,5670
2024-05-28 10:24:00,2024-05-28 10:23:00,BTC-USDT,1min,68744.7,68744.7,68677.9,68687.0,7422
2024-05-28 10:25:00,2024-05-28 10:24:00,BTC-USDT,1min,68690.1,68690.1,68669.9,68674.9,2980
2024-05-28 10:26:00,2024-05-28 10:25:00,BTC-USDT,1min,68673.4,68707.8,68673.4,68689.3,2816
2024-05-28 10:27:00,2024-05-28 10:26:00,BTC-USDT,1min,68689.3,68712.0,68689.3,68691.0,7752
2024-05-28 10:28:00,2024-05-28 10:27:00,BTC-USDT,1min,68691.0,68691.0,68676.4,68676.5,586
2024-05-28 10:29:00,2024-05-28 10:28:00,BTC-USDT,1min,68686.8,68686.8,68666.0,68666.0,382
2024-05-28 10:30:00,2024-05-28 10:29:00,BTC-USDT,1min,68666.0,68697.8,68650.1,68697.8,1008
2024-05-28 10:31:00,2024-05-28 10:30:00,BTC-USDT,1min,68698.0,68704.8,68669.3,68669.4,620
2024-05-28 10:32:00,2024-05-28 10:31:00,BTC-USDT,1min,68669.4,68669.4,68638.2,68638.2,3032
2024-05-28 10:33:00,2024-05-28 10:32:00,BTC-USDT,1min,68638.2,68638.2,68591.4,68591.4,4242
2024-05-28 10:34:00,2024-05-28 10:33:00,BTC-USDT,1min,68591.4,68600.0,68582.8,68582.9,1256
2024-05-28 10:35:00,2024-05-28 10:34:00,BTC-USDT,1min,68582.9,68595.6,68565.8,68565.8,10270
2024-05-28 10:36:00,2024-05-28 10:35:00,BTC-USDT,1min,68565.9,68565.9,68514.3,68528.2,10406
2024-05-28 10:37:00,2024-05-28 10:36:00,BTC-USDT,1min,68541.9,68562.8,68529.9,68529.9,1658
2024-05-28 10:38:00,2024-05-28 10:37:00,BTC-USDT,1min,68529.9,68552.4,68529.9,68552.4,402
2024-05-28 10:39:00,2024-05-28 10:38:00,BTC-USDT,1min,68546.0,68548.8,68531.0,68548.8,5454
2024-05-28 10:40:00,2024-05-28 10:39:00,BTC-USDT,1min,68540.6,68568.0,68540.6,68568.0,4616
2024-05-28 10:41:00,2024-05-28 10:40:00,BTC-USDT,1min,68560.0,68572.0,68560.0,68572.0,5280
2024-05-28 10:42:00,2024-05-28 10:41:00,BTC-USDT,1min,68570.8,68570.8,68550.0,68550.0,3370
2024-05-28 10:43:00,2024-05-28 10:42:00,BTC-USDT,1min,68550.1,68559.0,68550.0,68550.0,390
2024-05-28 10:44:00,2024-05-28 10:43:00,BTC-USDT,1min,68550.0,68550.1,68515.8,68515.8,7140
2024-05-28 10:45:00,2024-05-28 10:44:00,BTC-USDT,1min,68510.0,68540.7,68479.8,68540.7,3024
2024-05-28 10:46:00,2024-05-28 10:45:00,BTC-USDT,1min,68528.0,68528.0,68508.9,68518.0,630
2024-05-28 10:47:00,2024-05-28 10:46:00,BTC-USDT,1min,68535.8,68544.8,68531.8,68538.3,3856
2024-05-28 10:48:00,2024-05-28 10:47:00,BTC-USDT,1min,68538.3,68538.3,68518.8,68518.8,3896
2024-05-28 10:49:00,2024-05-28 10:48:00,BTC-USDT,1min,68507.7,68522.3,68507.7,68522.3,134
2024-05-28 10:50:00,2024-05-28 10:49:00,BTC-USDT,1min,68522.4,68590.5,68522.4,68586.3,6080
2024-05-28 10:51:00,2024-05-28 10:50:00,BTC-USDT,1min,68586.3,68599.5,68581.0,68591.4,3000
2024-05-28 10:52:00,2024-05-28 10:51:00,BTC-USDT,1min,68591.4,68591.4,68591.3,68591.4,68
2024-05-28 10:53:00,2024-05-28 10:52:00,BTC-USDT,1min,68591.4,68598.5,68590.8,68596.6,5072
2024-05-28 10:54:00,2024-05-28 10:53:00,BTC-USDT,1min,68598.4,68615.5,68598.4,68615.5,1452
2024-05-28 10:55:00,2024-05-28 10:54:00,BTC-USDT,1min,68615.5,68615.5,68614.3,68615.4,5486
2024-05-28 10:56:00,2024-05-28 10:55:00,BTC-USDT,1min,68615.4,68620.0,68615.4,68619.9,4736
2024-05-28 10:57:00,2024-05-28 10:56:00,BTC-USDT,1min,68619.9,68622.0,68609.6,68609.6,1330
2024-05-28 10:58:00,2024-05-28 10:57:00,BTC-USDT,1min,68609.6,68622.0,68609.6,68622.0,784
2024-05-28 10:59:00,2024-05-28 10:58:00,BTC-USDT,1min,68622.0,68622.0,68616.8,68616.8,320
2024-05-28 11:00:00,2024-05-28 10:59:00,BTC-USDT,1min,68616.7,68616.8,68616.7,68616.7,3184
2024-05-28 11:01:00,2024-05-28 11:00:00,BTC-USDT,1min,68616.7,68616.8,68616.7,68616.7,3118
2024-05-28 11:02:00,2024-05-28 11:01:00,BTC-USDT,1min,68616.7,68616.7,68609.4,68609.4,552
2024-05-28 11:03:00,2024-05-28 11:02:00,BTC-USDT,1min,68609.3,68609.3,68605.0,68605.0,2454
2024-05-28 11:04:00,2024-05-28 11:03:00,BTC-USDT,1min,68605.0,68605.0,68549.9,68549.9,10160
2024-05-28 11:05:00,2024-05-28 11:04:00,BTC-USDT,1min,68539.0,68570.9,68529.0,68570.9,1942
2024-05-28 11:06:00,2024-05-28 11:05:00,BTC-USDT,1min,68570.9,68589.2,68570.8,68589.2,1644
2024-05-28 11:07:00,2024-05-28 11:06:00,BTC-USDT,1min,68589.1,68589.1,68570.8,68581.1,1916
2024-05-28 11:08:00,2024-05-28 11:07:00,BTC-USDT,1min,68581.1,68596.6,68581.0,68596.6,492
2024-05-28 11:09:00,2024-05-28 11:08:00,BTC-USDT,1min,68596.7,68602.9,68596.0,68602.9,2314
2024-05-28 11:10:00,2024-05-28 11:09:00,BTC-USDT,1min,68602.9,68617.9,68602.9,68617.9,152
2024-05-28 11:11:00,2024-05-28 11:10:00,BTC-USDT,1min,68617.8,68635.8,68617.8,68632.1,1428
2024-05-28 11:12:00,2024-05-28 11:11:00,BTC-USDT,1min,68639.4,68645.8,68639.4,68645.8,660
2024-05-28 11:13:00,2024-05-28 11:12:00,BTC-USDT,1min,68645.7,68645.8,68645.7,68645.8,370
2024-05-28 11:14:00,2024-05-28 11:13:00,BTC-USDT,1min,68646.9,68656.7,68646.9,68656.6,342
2024-05-28 11:15:00,2024-05-28 11:14:00,BTC-USDT,1min,68665.9,68665.9,68629.2,68655.6,1782
2024-05-28 11:16:00,2024-05-28 11:15:00,BTC-USDT,1min,68655.6,68676.5,68642.9,68642.9,664
2024-05-28 11:17:00,2024-05-28 11:16:00,BTC-USDT,1min,68632.4,68696.0,68630.6,68677.8,9880
2024-05-28 11:18:00,2024-05-28 11:17:00,BTC-USDT,1min,68670.1,68670.1,68641.2,68655.4,2588
2024-05-28 11:19:00,2024-05-28 11:18:00,BTC-USDT,1min,68663.5,68670.5,68640.6,68665.6,9176
2024-05-28 11:20:00,2024-05-28 11:19:00,BTC-USDT,1min,68665.6,68665.6,68618.7,68618.8,3070
2024-05-28 11:21:00,2024-05-28 11:20:00,BTC-USDT,1min,68626.6,68637.6,68618.6,68618.6,904
2024-05-28 11:22:00,2024-05-28 11:21:00,BTC-USDT,1min,68618.6,68618.7,68609.6,68609.7,378
2024-05-28 11:23:00,2024-05-28 11:22:00,BTC-USDT,1min,68618.1,68618.1,68590.6,68590.6,1308
2024-05-28 11:24:00,2024-05-28 11:23:00,BTC-USDT,1min,68589.2,68596.2,68589.2,68589.3,1712
2024-05-28 11:25:00,2024-05-28 11:24:00,BTC-USDT,1min,68589.2,68596.1,68589.2,68596.1,1726
2024-05-28 11:26:00,2024-05-28 11:25:00,BTC-USDT,1min,68596.0,68596.1,68589.2,68589.2,2454
2024-05-28 11:27:00,2024-05-28 11:26:00,BTC-USDT,1min,68582.5,68582.5,68560.0,68560.0,1652
2024-05-28 11:28:00,2024-05-28 11:27:00,BTC-USDT,1min,68560.1,68560.1,68558.9,68558.9,550
2024-05-28 11:29:00,2024-05-28 11:28:00,BTC-USDT,1min,68547.9,68547.9,68535.0,68535.0,3782
2024-05-28 11:30:00,2024-05-28 11:29:00,BTC-USDT,1min,68535.1,68554.0,68504.1,68504.1,2974
2024-05-28 11:31:00,2024-05-28 11:30:00,BTC-USDT,1min,68521.6,68521.6,68460.0,68467.3,4996
2024-05-28 11:32:00,2024-05-28 11:31:00,BTC-USDT,1min,68472.7,68478.1,68467.8,68478.1,1548
2024-05-28 11:33:00,2024-05-28 11:32:00,BTC-USDT,1min,68478.0,68484.9,68444.8,68455.1,5120
2024-05-28 11:34:00,2024-05-28 11:33:00,BTC-USDT,1min,68455.1,68462.9,68395.0,68395.1,6768
2024-05-28 11:35:00,2024-05-28 11:34:00,BTC-USDT,1min,68388.1,68451.6,68388.1,68424.7,5430
2024-05-28 11:36:00,2024-05-28 11:35:00,BTC-USDT,1min,68422.0,68422.0,68360.0,68383.3,18640
2024-05-28 11:37:00,2024-05-28 11:36:00,BTC-USDT,1min,68395.4,68395.4,68336.0,68336.1,6826
2024-05-28 11:38:00,2024-05-28 11:37:00,BTC-USDT,1min,68348.7,68369.8,68300.0,68313.1,8864
2024-05-28 11:39:00,2024-05-28 11:38:00,BTC-USDT,1min,68313.2,68370.6,68313.2,68356.8,7312
2024-05-28 11:40:00,2024-05-28 11:39:00,BTC-USDT,1min,68351.5,68351.6,68314.4,68350.0,3428
2024-05-28 11:41:00,2024-05-28 11:40:00,BTC-USDT,1min,68357.1,68379.7,68329.6,68364.6,1678
2024-05-28 11:42:00,2024-05-28 11:41:00,BTC-USDT,1min,68384.2,68396.5,68384.2,68396.5,1084
2024-05-28 11:43:00,2024-05-28 11:42:00,BTC-USDT,1min,68396.5,68433.8,68396.4,68433.8,5344
2024-05-28 11:44:00,2024-05-28 11:43:00,BTC-USDT,1min,68433.8,68480.5,68433.8,68471.7,2530
2024-05-28 11:45:00,2024-05-28 11:44:00,BTC-USDT,1min,68471.6,68480.4,68424.4,68424.5,2510
2024-05-28 11:46:00,2024-05-28 11:45:00,BTC-USDT,1min,68420.6,68441.5,68405.2,68441.5,2420
2024-05-28 11:47:00,2024-05-28 11:46:00,BTC-USDT,1min,68430.6,68440.2,68426.7,68426.7,766
2024-05-28 11:48:00,2024-05-28 11:47:00,BTC-USDT,1min,68432.0,68451.1,68419.8,68419.9,730
2024-05-28 11:49:00,2024-05-28 11:48:00,BTC-USDT,1min,68426.3,68472.6,68426.3,68472.6,6848
2024-05-28 11:50:00,2024-05-28 11:49:00,BTC-USDT,1min,68479.9,68494.5,68461.6,68461.6,2558
2024-05-28 11:51:00,2024-05-28 11:50:00,BTC-USDT,1min,68449.0,68474.3,68431.7,68474.3,3204
2024-05-28 11:52:00,2024-05-28 11:51:00,BTC-USDT,1min,68474.3,68497.6,68474.2,68497.6,990
2024-05-28 11:53:00,2024-05-28 11:52:00,BTC-USDT,1min,68497.6,68500.0,68323.2,68387.9,67750
2024-05-28 11:54:00,2024-05-28 11:53:00,BTC-USDT,1min,68395.6,68410.5,68395.6,68410.4,1028
2024-05-28 11:55:00,2024-05-28 11:54:00,BTC-USDT,1min,68400.1,68439.4,68400.1,68439.4,2268
2024-05-28 11:56:00,2024-05-28 11:55:00,BTC-USDT,1min,68434.5,68434.5,68434.5,68434.5,158
2024-05-28 11:57:00,2024-05-28 11:56:00,BTC-USDT,1min,68428.3,68428.3,68418.1,68426.9,5108
2024-05-28 11:58:00,2024-05-28 11:57:00,BTC-USDT,1min,68426.9,68426.9,68372.0,68372.0,1328
2024-05-28 11:59:00,2024-05-28 11:58:00,BTC-USDT,1min,68372.0,68407.9,68372.0,68407.9,986
2024-05-28 12:00:00,2024-05-28 11:59:00,BTC-USDT,1min,68407.8,68416.6,68405.8,68405.8,7632
2024-05-28 12:01:00,2024-05-28 12:00:00,BTC-USDT,1min,68400.0,68400.0,68361.8,68385.4,702
2024-05-28 12:02:00,2024-05-28 12:01:00,BTC-USDT,1min,68385.3,68385.3,68336.0,68336.0,6010
2024-05-28 12:03:00,2024-05-28 12:02:00,BTC-USDT,1min,68336.0,68336.0,68300.0,68317.3,16370
2024-05-28 12:04:00,2024-05-28 12:03:00,BTC-USDT,1min,68317.2,68328.1,68317.2,68328.0,4050
2024-05-28 12:05:00,2024-05-28 12:04:00,BTC-USDT,1min,68338.3,68347.7,68338.3,68347.6,2992
2024-05-28 12:06:00,2024-05-28 12:05:00,BTC-USDT,1min,68352.9,68352.9,68311.7,68311.7,4308
2024-05-28 12:07:00,2024-05-28 12:06:00,BTC-USDT,1min,68305.0,68305.1,68300.2,68300.2,812
2024-05-28 12:08:00,2024-05-28 12:07:00,BTC-USDT,1min,68300.1,68300.1,68257.0,68274.9,8748
2024-05-28 12:09:00,2024-05-28 12:08:00,BTC-USDT,1min,68288.9,68317.9,68288.8,68305.8,17440
2024-05-28 12:10:00,2024-05-28 12:09:00,BTC-USDT,1min,68305.7,68305.8,68264.4,68264.4,20888
2024-05-28 12:11:00,2024-05-28 12:10:00,BTC-USDT,1min,68264.4,68291.0,68264.4,68282.7,14276
2024-05-28 12:12:00,2024-05-28 12:11:00,BTC-USDT,1min,68282.7,68282.7,68274.2,68281.4,9932
2024-05-28 12:13:00,2024-05-28 12:12:00,BTC-USDT,1min,68283.5,68303.1,68283.4,68303.1,8078
2024-05-28 12:14:00,2024-05-28 12:13:00,BTC-USDT,1min,68303.0,68303.1,68281.6,68281.6,8446
2024-05-28 12:15:00,2024-05-28 12:14:00,BTC-USDT,1min,68280.0,68308.5,68280.0,68308.4,4158
2024-05-28 12:16:00,2024-05-28 12:15:00,BTC-USDT,1min,68308.5,68325.2,68308.5,68312.9,1514
2024-05-28 12:17:00,2024-05-28 12:16:00,BTC-USDT,1min,68312.9,68324.4,68312.8,68324.4,3524
2024-05-28 12:18:00,2024-05-28 12:17:00,BTC-USDT,1min,68324.3,68333.0,68315.9,68315.9,4100
2024-05-28 12:19:00,2024-05-28 12:18:00,BTC-USDT,1min,68315.9,68448.5,68315.9,68392.1,40486
2024-05-28 12:20:00,2024-05-28 12:19:00,BTC-USDT,1min,68400.7,68406.8,68382.2,68403.5,11968
2024-05-28 12:21:00,2024-05-28 12:20:00,BTC-USDT,1min,68403.4,68403.5,68380.9,68395.0,12110
2024-05-28 12:22:00,2024-05-28 12:21:00,BTC-USDT,1min,68395.0,68395.0,68386.6,68386.6,4744
2024-05-28 12:23:00,2024-05-28 12:22:00,BTC-USDT,1min,68386.6,68391.5,68386.6,68391.5,1424
2024-05-28 12:24:00,2024-05-28 12:23:00,BTC-USDT,1min,68391.5,68425.0,68391.5,68425.0,2000
2024-05-28 12:25:00,2024-05-28 12:24:00,BTC-USDT,1min,68433.6,68495.0,68433.6,68474.9,4734
2024-05-28 12:26:00,2024-05-28 12:25:00,BTC-USDT,1min,68474.8,68500.0,68474.8,68500.0,4774
2024-05-28 12:27:00,2024-05-28 12:26:00,BTC-USDT,1min,68500.0,68500.0,68467.2,68467.3,3910
2024-05-28 12:28:00,2024-05-28 12:27:00,BTC-USDT,1min,68478.9,68496.4,68478.9,68491.4,548
2024-05-28 12:29:00,2024-05-28 12:28:00,BTC-USDT,1min,68491.5,68491.5,68474.9,68474.9,1356
2024-05-28 12:30:00,2024-05-28 12:29:00,BTC-USDT,1min,68463.8,68502.7,68463.7,68502.7,3806
2024-05-28 12:31:00,2024-05-28 12:30:00,BTC-USDT,1min,68502.7,68550.0,68502.7,68548.6,3142
2024-05-28 12:32:00,2024-05-28 12:31:00,BTC-USDT,1min,68547.7,68547.7,68542.2,68542.2,1018
2024-05-28 12:33:00,2024-05-28 12:32:00,BTC-USDT,1min,68542.2,68564.3,68535.8,68535.8,1114
2024-05-28 12:34:00,2024-05-28 12:33:00,BTC-USDT,1min,68529.0,68586.8,68529.0,68586.7,4164
2024-05-28 12:35:00,2024-05-28 12:34:00,BTC-USDT,1min,68586.8,68586.8,68564.6,68564.7,946
2024-05-28 12:36:00,2024-05-28 12:35:00,BTC-USDT,1min,68560.6,68571.5,68552.2,68562.7,13598
2024-05-28 12:37:00,2024-05-28 12:36:00,BTC-USDT,1min,68562.6,68570.1,68556.4,68568.4,23048
2024-05-28 12:38:00,2024-05-28 12:37:00,BTC-USDT,1min,68568.4,68568.4,68526.0,68526.0,10012
2024-05-28 12:39:00,2024-05-28 12:38:00,BTC-USDT,1min,68526.1,68526.1,68510.2,68510.2,5364
2024-05-28 12:40:00,2024-05-28 12:39:00,BTC-USDT,1min,68510.2,68552.9,68510.2,68552.7,4470
2024-05-28 12:41:00,2024-05-28 12:40:00,BTC-USDT,1min,68552.7,68552.8,68510.3,68510.3,8228
2024-05-28 12:42:00,2024-05-28 12:41:00,BTC-USDT,1min,68510.3,68523.7,68499.2,68499.3,21452
2024-05-28 12:43:00,2024-05-28 12:42:00,BTC-USDT,1min,68499.2,68499.3,68444.5,68445.4,14080
2024-05-28 12:44:00,2024-05-28 12:43:00,BTC-USDT,1min,68440.4,68440.4,68322.6,68322.6,47062
2024-05-28 12:45:00,2024-05-28 12:44:00,BTC-USDT,1min,68322.7,68352.4,68315.8,68352.3,15022
2024-05-28 12:46:00,2024-05-28 12:45:00,BTC-USDT,1min,68357.0,68396.9,68357.0,68386.5,22922
2024-05-28 12:47:00,2024-05-28 12:46:00,BTC-USDT,1min,68386.4,68386.5,68364.6,68376.8,9320
2024-05-28 12:48:00,2024-05-28 12:47:00,BTC-USDT,1min,68376.7,68376.8,68355.8,68355.8,5554
2024-05-28 12:49:00,2024-05-28 12:48:00,BTC-USDT,1min,68355.9,68373.3,68355.8,68373.2,18188
2024-05-28 12:50:00,2024-05-28 12:49:00,BTC-USDT,1min,68373.3,68393.9,68373.2,68393.9,4724
2024-05-28 12:51:00,2024-05-28 12:50:00,BTC-USDT,1min,68411.0,68464.8,68410.9,68453.6,5156
2024-05-28 12:52:00,2024-05-28 12:51:00,BTC-USDT,1min,68474.3,68498.5,68464.8,68482.9,23714
2024-05-28 12:53:00,2024-05-28 12:52:00,BTC-USDT,1min,68483.0,68483.0,68452.4,68452.4,8684
2024-05-28 12:54:00,2024-05-28 12:53:00,BTC-USDT,1min,68459.4,68459.4,68428.1,68450.1,8392
2024-05-28 12:55:00,2024-05-28 12:54:00,BTC-USDT,1min,68450.2,68450.2,68410.7,68433.2,15310
2024-05-28 12:56:00,2024-05-28 12:55:00,BTC-USDT,1min,68433.3,68442.6,68362.3,68362.3,20356
2024-05-28 12:57:00,2024-05-28 12:56:00,BTC-USDT,1min,68346.0,68378.8,68345.9,68352.3,3188
2024-05-28 12:58:00,2024-05-28 12:57:00,BTC-USDT,1min,68351.4,68351.4,68300.9,68300.9,2130
2024-05-28 12:59:00,2024-05-28 12:58:00,BTC-USDT,1min,68301.0,68301.0,68186.4,68238.7,40514
2024-05-28 13:00:00,2024-05-28 12:59:00,BTC-USDT,1min,68238.6,68287.7,68221.1,68276.9,42616
2024-05-28 13:01:00,2024-05-28 13:00:00,BTC-USDT,1min,68272.1,68276.0,68232.7,68274.7,38956
2024-05-28 13:02:00,2024-05-28 13:01:00,BTC-USDT,1min,68274.6,68311.4,68274.6,68287.4,8826
2024-05-28 13:03:00,2024-05-28 13:02:00,BTC-USDT,1min,68267.1,68331.7,68267.1,68331.7,21044
2024-05-28 13:04:00,2024-05-28 13:03:00,BTC-USDT,1min,68331.6,68356.6,68328.8,68342.0,14600
2024-05-28 13:05:00,2024-05-28 13:04:00,BTC-USDT,1min,68340.7,68340.7,68305.2,68323.8,964
2024-05-28 13:06:00,2024-05-28 13:05:00,BTC-USDT,1min,68321.0,68337.6,68309.2,68321.0,20314
2024-05-28 13:07:00,2024-05-28 13:06:00,BTC-USDT,1min,68320.9,68334.8,68305.8,68305.8,15450
2024-05-28 13:08:00,2024-05-28 13:07:00,BTC-USDT,1min,68301.0,68301.0,68243.2,68243.3,6054
2024-05-28 13:09:00,2024-05-28 13:08:00,BTC-USDT,1min,68243.2,68243.2,68121.6,68146.5,36378
2024-05-28 13:10:00,2024-05-28 13:09:00,BTC-USDT,1min,68146.6,68166.9,68097.4,68166.9,50564
2024-05-28 13:11:00,2024-05-28 13:10:00,BTC-USDT,1min,68167.0,68187.0,68116.7,68145.9,10820
2024-05-28 13:12:00,2024-05-28 13:11:00,BTC-USDT,1min,68148.1,68190.7,68148.0,68190.6,14472
2024-05-28 13:13:00,2024-05-28 13:12:00,BTC-USDT,1min,68190.7,68231.3,68190.7,68207.4,13242
2024-05-28 13:14:00,2024-05-28 13:13:00,BTC-USDT,1min,68214.9,68231.0,68206.1,68210.0,5010
2024-05-28 13:15:00,2024-05-28 13:14:00,BTC-USDT,1min,68197.1,68240.0,68197.0,68239.9,1464
2024-05-28 13:16:00,2024-05-28 13:15:00,BTC-USDT,1min,68239.9,68258.7,68229.7,68258.7,1596
2024-05-28 13:17:00,2024-05-28 13:16:00,BTC-USDT,1min,68258.8,68258.8,68246.1,68249.1,6024
2024-05-28 13:18:00,2024-05-28 13:17:00,BTC-USDT,1min,68243.3,68271.0,68243.3,68271.0,3740
2024-05-28 13:19:00,2024-05-28 13:18:00,BTC-USDT,1min,68271.0,68299.4,68271.0,68299.3,900
2024-05-28 13:20:00,2024-05-28 13:19:00,BTC-USDT,1min,68299.3,68299.3,68278.8,68294.9,4336
2024-05-28 13:21:00,2024-05-28 13:20:00,BTC-USDT,1min,68294.9,68358.0,68294.9,68353.3,8360
2024-05-28 13:22:00,2024-05-28 13:21:00,BTC-USDT,1min,68362.4,68455.4,68362.4,68444.1,22284
2024-05-28 13:23:00,2024-05-28 13:22:00,BTC-USDT,1min,68444.2,68472.6,68422.1,68445.0,8954
2024-05-28 13:24:00,2024-05-28 13:23:00,BTC-USDT,1min,68445.0,68459.9,68430.1,68444.9,5854
2024-05-28 13:25:00,2024-05-28 13:24:00,BTC-USDT,1min,68444.9,68482.8,68444.8,68482.8,11312
2024-05-28 13:26:00,2024-05-28 13:25:00,BTC-USDT,1min,68482.8,68498.0,68481.6,68497.9,3586
2024-05-28 13:27:00,2024-05-28 13:26:00,BTC-USDT,1min,68497.9,68498.0,68452.7,68452.7,7960
2024-05-28 13:28:00,2024-05-28 13:27:00,BTC-USDT,1min,68452.8,68459.4,68451.0,68456.2,1134
2024-05-28 13:29:00,2024-05-28 13:28:00,BTC-USDT,1min,68453.6,68453.6,68392.4,68425.7,6368
2024-05-28 13:30:00,2024-05-28 13:29:00,BTC-USDT,1min,68425.8,68445.8,68368.9,68369.0,4896
2024-05-28 13:31:00,2024-05-28 13:30:00,BTC-USDT,1min,68374.8,68457.0,68369.0,68447.1,7222
2024-05-28 13:32:00,2024-05-28 13:31:00,BTC-USDT,1min,68447.2,68447.2,68320.8,68320.9,4570
2024-05-28 13:33:00,2024-05-28 13:32:00,BTC-USDT,1min,68320.8,68320.8,68227.5,68227.8,39690
2024-05-28 13:34:00,2024-05-28 13:33:00,BTC-USDT,1min,68227.4,68257.6,68213.2,68217.0,6344
2024-05-28 13:35:00,2024-05-28 13:34:00,BTC-USDT,1min,68209.0,68209.0,68000.0,68000.1,44114
2024-05-28 13:36:00,2024-05-28 13:35:00,BTC-USDT,1min,68000.0,68000.0,67921.8,67929.9,31216
2024-05-28 13:37:00,2024-05-28 13:36:00,BTC-USDT,1min,67919.0,68112.0,67900.0,68020.0,48866
2024-05-28 13:38:00,2024-05-28 13:37:00,BTC-USDT,1min,68025.0,68142.5,67928.9,68118.8,41800
2024-05-28 13:39:00,2024-05-28 13:38:00,BTC-USDT,1min,68074.0,68079.5,68031.8,68048.2,10538
2024-05-28 13:40:00,2024-05-28 13:39:00,BTC-USDT,1min,68048.1,68087.7,68009.8,68071.0,11504
2024-05-28 13:41:00,2024-05-28 13:40:00,BTC-USDT,1min,68071.0,68148.6,68071.0,68142.5,4024
2024-05-28 13:42:00,2024-05-28 13:41:00,BTC-USDT,1min,68142.6,68161.0,68131.6,68141.5,19668
2024-05-28 13:43:00,2024-05-28 13:42:00,BTC-USDT,1min,68141.4,68141.5,68085.2,68099.2,13198
2024-05-28 13:44:00,2024-05-28 13:43:00,BTC-USDT,1min,68100.4,68114.7,68058.1,68074.7,6506
2024-05-28 13:45:00,2024-05-28 13:44:00,BTC-USDT,1min,68058.2,68058.2,67980.0,67980.1,36962
2024-05-28 13:46:00,2024-05-28 13:45:00,BTC-USDT,1min,67980.0,68003.4,67821.0,67835.8,12398
2024-05-28 13:47:00,2024-05-28 13:46:00,BTC-USDT,1min,67850.1,67909.1,67829.3,67839.4,8620
2024-05-28 13:48:00,2024-05-28 13:47:00,BTC-USDT,1min,67849.5,67913.5,67836.0,67912.9,5450
2024-05-28 13:49:00,2024-05-28 13:48:00,BTC-USDT,1min,67913.0,67971.5,67784.6,67784.7,23250
2024-05-28 13:50:00,2024-05-28 13:49:00,BTC-USDT,1min,67795.3,67911.1,67795.3,67911.1,11280
2024-05-28 13:51:00,2024-05-28 13:50:00,BTC-USDT,1min,67901.7,68048.6,67888.7,67950.6,4662
2024-05-28 13:52:00,2024-05-28 13:51:00,BTC-USDT,1min,67944.2,67987.7,67805.9,67841.9,7150
2024-05-28 13:53:00,2024-05-28 13:52:00,BTC-USDT,1min,67866.8,67927.4,67858.0,67858.0,4014
2024-05-28 13:54:00,2024-05-28 13:53:00,BTC-USDT,1min,67858.1,67907.4,67850.1,67900.4,2988
2024-05-28 13:55:00,2024-05-28 13:54:00,BTC-USDT,1min,67914.6,67918.4,67877.1,67900.1,460
2024-05-28 13:56:00,2024-05-28 13:55:00,BTC-USDT,1min,67890.7,67890.7,67777.8,67814.1,14566
2024-05-28 13:57:00,2024-05-28 13:56:00,BTC-USDT,1min,67814.1,67814.1,67690.1,67775.3,18464
2024-05-28 13:58:00,2024-05-28 13:57:00,BTC-USDT,1min,67784.3,67839.1,67766.9,67766.9,7194
2024-05-28 13:59:00,2024-05-28 13:58:00,BTC-USDT,1min,67754.8,67808.4,67728.4,67808.4,1682
2024-05-28 14:00:00,2024-05-28 13:59:00,BTC-USDT,1min,67817.3,67817.3,67641.5,67684.8,59802
2024-05-28 14:01:00,2024-05-28 14:00:00,BTC-USDT,1min,67699.9,67749.7,67597.0,67604.6,70260
2024-05-28 14:02:00,2024-05-28 14:01:00,BTC-USDT,1min,67604.7,67666.1,67558.0,67649.9,18238
2024-05-28 14:03:00,2024-05-28 14:02:00,BTC-USDT,1min,67657.7,67794.5,67639.6,67780.3,4778
2024-05-28 14:04:00,2024-05-28 14:03:00,BTC-USDT,1min,67780.2,67874.6,67780.2,67859.7,31538
2024-05-28 14:05:00,2024-05-28 14:04:00,BTC-USDT,1min,67856.4,67874.5,67820.0,67828.6,17350
2024-05-28 14:06:00,2024-05-28 14:05:00,BTC-USDT,1min,67820.7,67887.5,67820.2,67876.7,14438
2024-05-28 14:07:00,2024-05-28 14:06:00,BTC-USDT,1min,67876.8,67917.9,67857.2,67876.4,45354
2024-05-28 14:08:00,2024-05-28 14:07:00,BTC-USDT,1min,67876.2,67938.7,67867.9,67938.7,15380
2024-05-28 14:09:00,2024-05-28 14:08:00,BTC-USDT,1min,67939.3,67944.1,67889.9,67932.9,24430
2024-05-28 14:10:00,2024-05-28 14:09:00,BTC-USDT,1min,67933.0,67976.0,67932.9,67975.9,19712
2024-05-28 14:11:00,2024-05-28 14:10:00,BTC-USDT,1min,67976.0,68037.6,67975.9,68024.1,34700
2024-05-28 14:12:00,2024-05-28 14:11:00,BTC-USDT,1min,68024.0,68073.6,68017.8,68062.5,29978
2024-05-28 14:13:00,2024-05-28 14:12:00,BTC-USDT,1min,68062.5,68130.4,68049.5,68122.1,39590
2024-05-28 14:14:00,2024-05-28 14:13:00,BTC-USDT,1min,68122.2,68139.9,68076.0,68076.0,58414
2024-05-28 14:15:00,2024-05-28 14:14:00,BTC-USDT,1min,68076.1,68131.5,68076.0,68131.4,44192
2024-05-28 14:16:00,2024-05-28 14:15:00,BTC-USDT,1min,68131.5,68152.0,68104.7,68135.9,30210
2024-05-28 14:17:00,2024-05-28 14:16:00,BTC-USDT,1min,68136.0,68154.2,68118.9,68118.9,23378
2024-05-28 14:18:00,2024-05-28 14:17:00,BTC-USDT,1min,68119.0,68189.0,68100.5,68188.9,46546
2024-05-28 14:19:00,2024-05-28 14:18:00,BTC-USDT,1min,68189.0,68263.3,68134.9,68252.6,59258
2024-05-28 14:20:00,2024-05-28 14:19:00,BTC-USDT,1min,68252.6,68279.4,68210.0,68216.8,31886
2024-05-28 14:21:00,2024-05-28 14:20:00,BTC-USDT,1min,68216.8,68242.9,68127.8,68127.8,9542
2024-05-28 14:22:00,2024-05-28 14:21:00,BTC-USDT,1min,68122.8,68208.1,68122.7,68193.4,14656
2024-05-28 14:23:00,2024-05-28 14:22:00,BTC-USDT,1min,68176.0,68187.3,68153.7,68186.0,4898
2024-05-28 14:24:00,2024-05-28 14:23:00,BTC-USDT,1min,68186.1,68200.0,68168.0,68185.3,18698
2024-05-28 14:25:00,2024-05-28 14:24:00,BTC-USDT,1min,68185.3,68199.4,68185.3,68188.1,2980
2024-05-28 14:26:00,2024-05-28 14:25:00,BTC-USDT,1min,68184.5,68198.2,68179.4,68186.4,3096
2024-05-28 14:27:00,2024-05-28 14:26:00,BTC-USDT,1min,68186.5,68186.5,68122.7,68122.7,3334
2024-05-28 14:28:00,2024-05-28 14:27:00,BTC-USDT,1min,68122.7,68122.7,67989.4,67996.0,23628
2024-05-28 14:29:00,2024-05-28 14:28:00,BTC-USDT,1min,67986.6,68063.2,67977.9,68063.2,11034
2024-05-28 14:30:00,2024-05-28 14:29:00,BTC-USDT,1min,68059.1,68102.0,68011.9,68102.0,13130
2024-05-28 14:31:00,2024-05-28 14:30:00,BTC-USDT,1min,68114.0,68165.9,68100.0,68145.7,9938
2024-05-28 14:32:00,2024-05-28 14:31:00,BTC-USDT,1min,68154.3,68155.1,68151.3,68151.3,168
2024-05-28 14:33:00,2024-05-28 14:32:00,BTC-USDT,1min,68128.1,68128.1,68052.3,68116.8,2412
2024-05-28 14:34:00,2024-05-28 14:33:00,BTC-USDT,1min,68135.4,68162.8,68094.3,68094.3,1552
2024-05-28 14:35:00,2024-05-28 14:34:00,BTC-USDT,1min,68094.3,68116.7,67976.5,67976.5,2078
2024-05-28 14:36:00,2024-05-28 14:35:00,BTC-USDT,1min,67975.9,67987.8,67872.0,67888.1,13692
2024-05-28 14:37:00,2024-05-28 14:36:00,BTC-USDT,1min,67901.1,67986.3,67871.3,67986.3,7632
2024-05-28 14:38:00,2024-05-28 14:37:00,BTC-USDT,1min,67986.5,68032.7,67979.8,67995.2,8152
2024-05-28 14:39:00,2024-05-28 14:38:00,BTC-USDT,1min,68012.6,68033.3,68004.7,68025.0,4276
2024-05-28 14:40:00,2024-05-28 14:39:00,BTC-USDT,1min,68017.2,68017.2,67887.7,67956.8,12524
2024-05-28 14:41:00,2024-05-28 14:40:00,BTC-USDT,1min,67957.2,67960.7,67888.3,67888.4,6682
2024-05-28 14:42:00,2024-05-28 14:41:00,BTC-USDT,1min,67893.3,67908.5,67766.0,67780.6,13992
2024-05-28 14:43:00,2024-05-28 14:42:00,BTC-USDT,1min,67766.3,67852.8,67766.3,67842.3,13410
2024-05-28 14:44:00,2024-05-28 14:43:00,BTC-USDT,1min,67836.4,67862.1,67836.4,67849.5,3976
2024-05-28 14:45:00,2024-05-28 14:44:00,BTC-USDT,1min,67875.9,67875.9,67766.0,67766.0,6200
2024-05-28 14:46:00,2024-05-28 14:45:00,BTC-USDT,1min,67756.1,67828.6,67707.5,67825.0,8910
2024-05-28 14:47:00,2024-05-28 14:46:00,BTC-USDT,1min,67824.5,67937.7,67804.6,67932.7,4810
2024-05-28 14:48:00,2024-05-28 14:47:00,BTC-USDT,1min,67926.1,67939.6,67926.1,67939.5,1980
2024-05-28 14:49:00,2024-05-28 14:48:00,BTC-USDT,1min,67939.6,67999.9,67939.6,67979.7,10918
2024-05-28 14:50:00,2024-05-28 14:49:00,BTC-USDT,1min,67979.8,68151.8,67979.8,68138.4,96344
2024-05-28 14:51:00,2024-05-28 14:50:00,BTC-USDT,1min,68141.9,68197.9,68077.2,68077.2,10430
2024-05-28 14:52:00,2024-05-28 14:51:00,BTC-USDT,1min,68090.0,68141.5,68073.6,68074.1,11896
2024-05-28 14:53:00,2024-05-28 14:52:00,BTC-USDT,1min,68074.1,68079.3,68018.9,68018.9,4780
2024-05-28 14:54:00,2024-05-28 14:53:00,BTC-USDT,1min,68057.2,68127.8,68057.2,68059.7,3762
2024-05-28 14:55:00,2024-05-28 14:54:00,BTC-USDT,1min,68053.5,68087.5,68046.2,68054.3,194
2024-05-28 14:56:00,2024-05-28 14:55:00,BTC-USDT,1min,68093.0,68122.2,68093.0,68113.6,1018
2024-05-28 14:57:00,2024-05-28 14:56:00,BTC-USDT,1min,68031.1,68031.1,68031.0,68031.0,54
2024-05-28 14:58:00,2024-05-28 14:57:00,BTC-USDT,1min,67999.0,68029.7,67992.8,68020.7,772
2024-05-28 14:59:00,2024-05-28 14:58:00,BTC-USDT,1min,68011.0,68011.0,67986.6,67990.8,1118
2024-05-28 15:00:00,2024-05-28 14:59:00,BTC-USDT,1min,68009.9,68039.1,68003.7,68033.9,253390
2024-05-28 15:01:00,2024-05-28 15:00:00,BTC-USDT,1min,68033.9,68057.6,68012.7,68039.2,54946
2024-05-28 15:02:00,2024-05-28 15:01:00,BTC-USDT,1min,68039.3,68052.3,67959.2,67959.2,32648
2024-05-28 15:03:00,2024-05-28 15:02:00,BTC-USDT,1min,67959.3,67959.3,67820.5,67938.1,39936
2024-05-28 15:04:00,2024-05-28 15:03:00,BTC-USDT,1min,67928.7,67928.7,67850.1,67861.9,31852
2024-05-28 15:05:00,2024-05-28 15:04:00,BTC-USDT,1min,67862.0,67927.1,67861.9,67886.3,33078
2024-05-28 15:06:00,2024-05-28 15:05:00,BTC-USDT,1min,67886.4,67886.4,67756.8,67831.7,25174
2024-05-28 15:07:00,2024-05-28 15:06:00,BTC-USDT,1min,67831.7,67887.7,67831.6,67887.7,6224
2024-05-28 15:08:00,2024-05-28 15:07:00,BTC-USDT,1min,67895.1,67895.1,67856.0,67867.9,948
2024-05-28 15:09:00,2024-05-28 15:08:00,BTC-USDT,1min,67871.3,67986.5,67871.3,67986.5,4442
2024-05-28 15:10:00,2024-05-28 15:09:00,BTC-USDT,1min,67986.6,67991.6,67935.8,67935.8,15620
2024-05-28 15:11:00,2024-05-28 15:10:00,BTC-USDT,1min,67944.6,68112.7,67944.6,68107.2,8022
2024-05-28 15:12:00,2024-05-28 15:11:00,BTC-USDT,1min,68106.1,68111.8,68065.3,68092.2,9514
2024-05-28 15:13:00,2024-05-28 15:12:00,BTC-USDT,1min,68086.8,68143.0,68086.8,68124.3,9466
2024-05-28 15:14:00,2024-05-28 15:13:00,BTC-USDT,1min,68134.9,68172.0,68128.6,68128.6,6766
2024-05-28 15:15:00,2024-05-28 15:14:00,BTC-USDT,1min,68123.7,68123.7,68073.9,68080.0,7152
2024-05-28 15:16:00,2024-05-28 15:15:00,BTC-USDT,1min,68080.0,68110.3,68057.8,68080.4,226
2024-05-28 15:17:00,2024-05-28 15:16:00,BTC-USDT,1min,68061.6,68067.7,68046.3,68067.7,442
2024-05-28 15:18:00,2024-05-28 15:17:00,BTC-USDT,1min,68050.5,68050.5,67953.3,68000.0,7178
2024-05-28 15:19:00,2024-05-28 15:18:00,BTC-USDT,1min,67994.0,68064.9,67994.0,68037.5,4782
2024-05-28 15:20:00,2024-05-28 15:19:00,BTC-USDT,1min,68018.9,68044.4,67980.5,67980.5,11122
2024-05-28 15:21:00,2024-05-28 15:20:00,BTC-USDT,1min,67968.5,67968.8,67887.7,67919.6,9138
2024-05-28 15:22:00,2024-05-28 15:21:00,BTC-USDT,1min,67887.9,67927.1,67880.0,67927.1,3846
2024-05-28 15:23:00,2024-05-28 15:22:00,BTC-USDT,1min,67956.2,67969.9,67946.8,67956.0,2320
2024-05-28 15:24:00,2024-05-28 15:23:00,BTC-USDT,1min,67963.6,68012.0,67963.5,68012.0,906
2024-05-28 15:25:00,2024-05-28 15:24:00,BTC-USDT,1min,68017.1,68017.1,67950.0,67950.0,1366
2024-05-28 15:26:00,2024-05-28 15:25:00,BTC-USDT,1min,67937.5,67963.8,67895.8,67963.7,24022
2024-05-28 15:27:00,2024-05-28 15:26:00,BTC-USDT,1min,67969.9,68003.9,67960.0,67982.1,1682
2024-05-28 15:28:00,2024-05-28 15:27:00,BTC-USDT,1min,67975.0,67977.7,67963.6,67977.7,414
2024-05-28 15:29:00,2024-05-28 15:28:00,BTC-USDT,1min,67982.1,68017.3,67982.1,67988.0,4348
2024-05-28 15:30:00,2024-05-28 15:29:00,BTC-USDT,1min,67986.6,67999.1,67945.1,67999.1,3962
2024-05-28 15:31:00,2024-05-28 15:30:00,BTC-USDT,1min,68009.6,68097.7,67988.1,67988.1,6904
2024-05-28 15:32:00,2024-05-28 15:31:00,BTC-USDT,1min,68037.0,68037.0,67965.7,67988.0,568
2024-05-28 15:33:00,2024-05-28 15:32:00,BTC-USDT,1min,68012.6,68012.6,68000.6,68000.6,910
2024-05-28 15:34:00,2024-05-28 15:33:00,BTC-USDT,1min,68000.6,68054.3,68000.6,68054.2,748
2024-05-28 15:35:00,2024-05-28 15:34:00,BTC-USDT,1min,68073.6,68100.0,68067.4,68080.2,8654
2024-05-28 15:36:00,2024-05-28 15:35:00,BTC-USDT,1min,68076.6,68187.2,68076.6,68171.6,25314
2024-05-28 15:37:00,2024-05-28 15:36:00,BTC-USDT,1min,68178.8,68316.5,68178.8,68291.3,8696
2024-05-28 15:38:00,2024-05-28 15:37:00,BTC-USDT,1min,68265.7,68301.4,68223.6,68252.1,35820
2024-05-28 15:39:00,2024-05-28 15:38:00,BTC-USDT,1min,68234.1,68270.0,68211.1,68243.4,11392
2024-05-28 15:40:00,2024-05-28 15:39:00,BTC-USDT,1min,68243.5,68345.0,68243.5,68328.3,12884
2024-05-28 15:41:00,2024-05-28 15:40:00,BTC-USDT,1min,68340.1,68418.9,68331.2,68374.0,35080
2024-05-28 15:42:00,2024-05-28 15:41:00,BTC-USDT,1min,68363.2,68393.1,68345.8,68374.8,14812
2024-05-28 15:43:00,2024-05-28 15:42:00,BTC-USDT,1min,68357.9,68397.9,68317.2,68317.2,9180
2024-05-28 15:44:00,2024-05-28 15:43:00,BTC-USDT,1min,68317.2,68317.3,68266.8,68279.4,11622
2024-05-28 15:45:00,2024-05-28 15:44:00,BTC-USDT,1min,68279.4,68311.2,68267.6,68303.8,3286
2024-05-28 15:46:00,2024-05-28 15:45:00,BTC-USDT,1min,68303.8,68317.3,68297.2,68301.5,3304
2024-05-28 15:47:00,2024-05-28 15:46:00,BTC-USDT,1min,68301.5,68323.9,68290.0,68323.8,1754
2024-05-28 15:48:00,2024-05-28 15:47:00,BTC-USDT,1min,68329.3,68418.9,68329.3,68404.5,2848
2024-05-28 15:49:00,2024-05-28 15:48:00,BTC-USDT,1min,68404.3,68413.1,68364.5,68373.9,17524
2024-05-28 15:50:00,2024-05-28 15:49:00,BTC-USDT,1min,68384.0,68393.7,68348.6,68390.8,1750
2024-05-28 15:51:00,2024-05-28 15:50:00,BTC-USDT,1min,68355.9,68390.9,68350.6,68380.9,1208
2024-05-28 15:52:00,2024-05-28 15:51:00,BTC-USDT,1min,68376.3,68470.0,68376.2,68466.5,30636
2024-05-28 15:53:00,2024-05-28 15:52:00,BTC-USDT,1min,68466.4,68489.9,68450.9,68471.0,9016
2024-05-28 15:54:00,2024-05-28 15:53:00,BTC-USDT,1min,68471.3,68471.3,68441.0,68443.2,8450
2024-05-28 15:55:00,2024-05-28 15:54:00,BTC-USDT,1min,68440.1,68472.2,68440.1,68469.7,1862
2024-05-28 15:56:00,2024-05-28 15:55:00,BTC-USDT,1min,68466.5,68490.0,68466.5,68488.3,2714
2024-05-28 15:57:00,2024-05-28 15:56:00,BTC-USDT,1min,68475.3,68475.3,68407.5,68427.4,9446
2024-05-28 15:58:00,2024-05-28 15:57:00,BTC-USDT,1min,68418.6,68433.5,68399.7,68409.5,3234
2024-05-28 15:59:00,2024-05-28 15:58:00,BTC-USDT,1min,68423.8,68423.8,68391.8,68399.1,2938
2024-05-28 16:00:00,2024-05-28 15:59:00,BTC-USDT,1min,68399.3,68448.7,68388.4,68448.6,226344
2024-05-28 16:01:00,2024-05-28 16:00:00,BTC-USDT,1min,68448.7,68460.5,68408.4,68416.6,35654
2024-05-28 16:02:00,2024-05-28 16:01:00,BTC-USDT,1min,68416.5,68457.9,68403.1,68447.4,194366
2024-05-28 16:03:00,2024-05-28 16:02:00,BTC-USDT,1min,68447.5,68470.7,68447.4,68467.1,3384
2024-05-28 16:04:00,2024-05-28 16:03:00,BTC-USDT,1min,68470.8,68487.8,68451.3,68451.3,2136
2024-05-28 16:05:00,2024-05-28 16:04:00,BTC-USDT,1min,68451.4,68451.4,68400.8,68401.1,5736
2024-05-28 16:06:00,2024-05-28 16:05:00,BTC-USDT,1min,68394.5,68394.5,68296.1,68338.4,22118
2024-05-28 16:07:00,2024-05-28 16:06:00,BTC-USDT,1min,68338.4,68372.8,68338.4,68341.1,3974
2024-05-28 16:08:00,2024-05-28 16:07:00,BTC-USDT,1min,68341.2,68352.5,68298.0,68311.1,5368
2024-05-28 16:09:00,2024-05-28 16:08:00,BTC-USDT,1min,68309.8,68340.5,68296.4,68336.4,6138
2024-05-28 16:10:00,2024-05-28 16:09:00,BTC-USDT,1min,68336.4,68368.7,68336.3,68365.4,22196
2024-05-28 16:11:00,2024-05-28 16:10:00,BTC-USDT,1min,68359.4,68359.4,68294.8,68310.6,7660
2024-05-28 16:12:00,2024-05-28 16:11:00,BTC-USDT,1min,68310.7,68371.8,68310.7,68371.7,7550
2024-05-28 16:13:00,2024-05-28 16:12:00,BTC-USDT,1min,68371.7,68406.0,68371.7,68406.0,7318
2024-05-28 16:14:00,2024-05-28 16:13:00,BTC-USDT,1min,68406.0,68409.5,68375.3,68375.3,3720
2024-05-28 16:15:00,2024-05-28 16:14:00,BTC-USDT,1min,68375.3,68375.3,68275.0,68275.1,3578
2024-05-28 16:16:00,2024-05-28 16:15:00,BTC-USDT,1min,68275.0,68275.1,68185.3,68210.7,47910
2024-05-28 16:17:00,2024-05-28 16:16:00,BTC-USDT,1min,68210.7,68243.9,68209.0,68209.0,6776
2024-05-28 16:18:00,2024-05-28 16:17:00,BTC-USDT,1min,68209.1,68209.1,68200.0,68200.0,1508
2024-05-28 16:19:00,2024-05-28 16:18:00,BTC-USDT,1min,68194.2,68194.2,68162.9,68191.4,4914
2024-05-28 16:20:00,2024-05-28 16:19:00,BTC-USDT,1min,68191.3,68191.3,68155.7,68155.8,3976
2024-05-28 16:21:00,2024-05-28 16:20:00,BTC-USDT,1min,68182.7,68225.8,68160.2,68225.7,6036
2024-05-28 16:22:00,2024-05-28 16:21:00,BTC-USDT,1min,68225.7,68225.8,68186.0,68186.1,896
2024-05-28 16:23:00,2024-05-28 16:22:00,BTC-USDT,1min,68200.0,68247.2,68200.0,68244.0,16704
2024-05-28 16:24:00,2024-05-28 16:23:00,BTC-USDT,1min,68244.1,68244.1,68223.6,68223.7,2368
2024-05-28 16:25:00,2024-05-28 16:24:00,BTC-USDT,1min,68182.7,68182.7,68165.3,68172.4,524
2024-05-28 16:26:00,2024-05-28 16:25:00,BTC-USDT,1min,68176.6,68176.6,68155.0,68159.6,6400
2024-05-28 16:27:00,2024-05-28 16:26:00,BTC-USDT,1min,68157.7,68157.8,68021.4,68021.4,13856
2024-05-28 16:28:00,2024-05-28 16:27:00,BTC-USDT,1min,68029.9,68077.8,68010.0,68019.0,24448
2024-05-28 16:29:00,2024-05-28 16:28:00,BTC-USDT,1min,68019.1,68042.0,67910.1,67922.8,31448
2024-05-28 16:30:00,2024-05-28 16:29:00,BTC-USDT,1min,67911.4,67963.0,67896.6,67903.0,21080
2024-05-28 16:31:00,2024-05-28 16:30:00,BTC-USDT,1min,67903.1,67920.1,67841.9,67842.0,37422
2024-05-28 16:32:00,2024-05-28 16:31:00,BTC-USDT,1min,67842.8,67872.0,67813.2,67850.1,15192
2024-05-28 16:33:00,2024-05-28 16:32:00,BTC-USDT,1min,67850.1,67924.3,67850.1,67905.0,6400
2024-05-28 16:34:00,2024-05-28 16:33:00,BTC-USDT,1min,67905.1,67905.1,67863.3,67863.3,3480
2024-05-28 16:35:00,2024-05-28 16:34:00,BTC-USDT,1min,67863.4,67871.4,67835.9,67846.1,8290
2024-05-28 16:36:00,2024-05-28 16:35:00,BTC-USDT,1min,67836.9,67935.0,67836.9,67899.7,20562
2024-05-28 16:37:00,2024-05-28 16:36:00,BTC-USDT,1min,67901.7,67901.7,67882.0,67882.1,1122
2024-05-28 16:38:00,2024-05-28 16:37:00,BTC-USDT,1min,67901.6,67912.8,67893.4,67899.4,706
2024-05-28 16:39:00,2024-05-28 16:38:00,BTC-USDT,1min,67899.4,67945.5,67899.4,67915.9,3364
2024-05-28 16:40:00,2024-05-28 16:39:00,BTC-USDT,1min,67915.9,67932.7,67914.1,67917.5,5334
2024-05-28 16:41:00,2024-05-28 16:40:00,BTC-USDT,1min,67917.5,67917.5,67820.0,67868.0,17636
2024-05-28 16:42:00,2024-05-28 16:41:00,BTC-USDT,1min,67884.5,67884.5,67831.0,67835.8,2048
2024-05-28 16:43:00,2024-05-28 16:42:00,BTC-USDT,1min,67828.1,67836.2,67812.0,67836.2,826
2024-05-28 16:44:00,2024-05-28 16:43:00,BTC-USDT,1min,67840.1,67854.4,67829.6,67836.2,5848
2024-05-28 16:45:00,2024-05-28 16:44:00,BTC-USDT,1min,67829.9,67869.0,67825.6,67869.0,3146
2024-05-28 16:46:00,2024-05-28 16:45:00,BTC-USDT,1min,67888.1,67888.1,67731.3,67768.0,19652
2024-05-28 16:47:00,2024-05-28 16:46:00,BTC-USDT,1min,67744.8,67797.5,67744.8,67797.5,3850
2024-05-28 16:48:00,2024-05-28 16:47:00,BTC-USDT,1min,67797.5,67804.7,67789.8,67804.7,2506
2024-05-28 16:49:00,2024-05-28 16:48:00,BTC-USDT,1min,67804.7,67804.7,67783.7,67783.7,3858
2024-05-28 16:50:00,2024-05-28 16:49:00,BTC-USDT,1min,67791.9,67817.1,67791.9,67817.0,2102
2024-05-28 16:51:00,2024-05-28 16:50:00,BTC-USDT,1min,67817.1,67899.5,67813.7,67899.5,6170
2024-05-28 16:52:00,2024-05-28 16:51:00,BTC-USDT,1min,67885.4,67894.6,67858.2,67858.2,9806
2024-05-28 16:53:00,2024-05-28 16:52:00,BTC-USDT,1min,67858.3,67879.2,67858.2,67879.2,544
2024-05-28 16:54:00,2024-05-28 16:53:00,BTC-USDT,1min,67879.2,67879.2,67844.8,67858.6,5042
2024-05-28 16:55:00,2024-05-28 16:54:00,BTC-USDT,1min,67838.0,67851.5,67831.9,67851.4,802
2024-05-28 16:56:00,2024-05-28 16:55:00,BTC-USDT,1min,67862.0,67866.1,67826.1,67866.1,918
2024-05-28 16:57:00,2024-05-28 16:56:00,BTC-USDT,1min,67872.8,67889.8,67862.4,67889.7,714
2024-05-28 16:58:00,2024-05-28 16:57:00,BTC-USDT,1min,67889.8,67893.3,67800.2,67800.2,2148
2024-05-28 16:59:00,2024-05-28 16:58:00,BTC-USDT,1min,67788.9,67788.9,67759.0,67759.2,6824
2024-05-28 17:00:00,2024-05-28 16:59:00,BTC-USDT,1min,67768.4,67813.5,67756.2,67813.5,223568
2024-05-28 17:01:00,2024-05-28 17:00:00,BTC-USDT,1min,67813.4,67815.0,67728.0,67728.1,30900
2024-05-28 17:02:00,2024-05-28 17:01:00,BTC-USDT,1min,67728.0,67827.1,67700.0,67804.5,31972
2024-05-28 17:03:00,2024-05-28 17:02:00,BTC-USDT,1min,67804.6,67804.6,67711.8,67736.1,36772
2024-05-28 17:04:00,2024-05-28 17:03:00,BTC-USDT,1min,67736.2,67779.3,67718.7,67733.2,24086
2024-05-28 17:05:00,2024-05-28 17:04:00,BTC-USDT,1min,67733.3,67757.7,67714.1,67714.1,27188
2024-05-28 17:06:00,2024-05-28 17:05:00,BTC-USDT,1min,67714.2,67771.4,67714.1,67771.3,37546
2024-05-28 17:07:00,2024-05-28 17:06:00,BTC-USDT,1min,67771.4,67800.0,67747.6,67799.9,29870
2024-05-28 17:08:00,2024-05-28 17:07:00,BTC-USDT,1min,67800.0,67885.9,67800.0,67885.8,17696
2024-05-28 17:09:00,2024-05-28 17:08:00,BTC-USDT,1min,67885.8,67900.0,67868.3,67887.8,11456
2024-05-28 17:10:00,2024-05-28 17:09:00,BTC-USDT,1min,67884.1,67908.9,67873.0,67889.0,1472
2024-05-28 17:11:00,2024-05-28 17:10:00,BTC-USDT,1min,67888.9,67943.1,67874.5,67919.4,1704
2024-05-28 17:12:00,2024-05-28 17:11:00,BTC-USDT,1min,67919.3,68035.2,67919.3,68035.2,11396
2024-05-28 17:13:00,2024-05-28 17:12:00,BTC-USDT,1min,68035.2,68035.2,68019.5,68026.1,2600
